id,name,address,city,province,region,baselineLevel,baselineSource,lat,lng,override_source,locality_hint
BR-RN-001,Bagno Uno,"Lungomare Claudio Tintori 2, 47921 Rimini RN, Italia",Rimini,RN,Emilia-Romagna,2,PRED,44.0762395,12.5760479,GOOGLE_EARTH,
BR-RN-002,Prime Spiagge bagni 5.6.7,"Lungomare Claudio Tintori 10, 47921 Rimini RN, Italia",Rimini,RN,Emilia-Romagna,2,PRED,44.074598,12.5770995,GOOGLE_EARTH,
BR-RN-003,Bagno N. 7 Alan Di G.A.E. Di Iaci Gaspare E C. Snc,"Lungomare Claudio Tintori 15, 47921 Rimini RN, Italia",Rimini,RN,Emilia-Romagna,2,PRED,44.0744934,12.5775252,GOOGLE_EARTH,
BR-RN-004,Beach 8 Luciano - Centro Nautico,"Lungomare Claudio Tintori 12, 47921 Rimini RN, Italia",Rimini,RN,Emilia-Romagna,2,PRED,44.0740137,12.5777146,GOOGLE_EARTH,
BR-RN-005,La Spiaggia del Grand Hotel Rimini,"Lungomare Claudio Tintori 12, 47921 Rimini RN, Italia",Rimini,RN,Emilia-Romagna,2,PRED,44.0737541,12.578315,GOOGLE_EARTH,
BR-RN-006,Bagno 9 Mauro,"Lungomare Claudio Tintori, 47921 Rimini RN, Italia",Rimini,RN,Emilia-Romagna,2,PRED,44.073298,12.5789202,GOOGLE_EARTH,
BR-RN-007,Bagno delle Rose 10,"Lungomare Claudio Tintori 16, 47921 Rimini RN, Italia",Rimini,RN,Emilia-Romagna,2,PRED,44.0729656,12.5791241,GOOGLE_EARTH,
BR-RN-008,Bagno 12 Azzurro,"Lungomare Claudio Tintori 18, 47921 Rimini RN, Italia",Rimini,RN,Emilia-Romagna,2,PRED,44.0721177,12.5787776,GOOGLE_EARTH,
BR-RN-009,Bagno 14 B. L'Amarissimo,"Lungomare Claudio Tintori 20, 47921 Rimini RN, Italia",Rimini,RN,Emilia-Romagna,2,PRED,44.0719663,12.5798659,GOOGLE_EARTH,
BR-RN-010,Bagno 15 Oasi,"Lungomare Claudio Tintori, 47921 Rimini RN, Italia",Rimini,RN,Emilia-Romagna,2,PRED,44.0716993,12.5801758,GOOGLE_EARTH,
BR-RN-011,Bagno 16 Giorgio,"Lungomare Claudio Tintori, 47921 Rimini RN, Italia",Rimini,RN,Emilia-Romagna,2,PRED,44.0713832,12.5804296,GOOGLE_EARTH,
BR-RN-012,Bagno 17 Rimini,"Lungomare Claudio Tintori 22A, 47921 Rimini RN, Italia",Rimini,RN,Emilia-Romagna,2,PRED,44.0711716,12.5805854,GOOGLE_EARTH,
BR-RN-013,Bagno 18 Attilio,"Lungomare Claudio Tintori 24, 47921 Rimini RN, Italia",Rimini,RN,Emilia-Romagna,2,PRED,44.0708861,12.5808477,GOOGLE_EARTH,
BR-RN-014,Bagno 19 Gastone,"Lungomare Claudio Tintori, 47921 Rimini RN, Italia",Rimini,RN,Emilia-Romagna,2,PRED,44.0706143,12.5809691,GOOGLE_EARTH,
BR-RN-015,Bagno 20 Arcobaleno,"Lungomare Claudio Tintori 26, 47921 Rimini RN, Italia",Rimini,RN,Emilia-Romagna,2,PRED,44.0703086,12.581347,GOOGLE_EARTH,
BR-RN-016,Bagni 21 Sirena Beach,"Lungomare Claudio Tintori 21, 47921 Rimini RN, Italia",Rimini,RN,Emilia-Romagna,2,PRED,44.0698353,12.5808313,GOOGLE_EARTH,
BR-RN-017,Bagni 23 Sirena Beach,"Lungomare Claudio Tintori 23/C, 47921 Rimini RN, Italia",Rimini,RN,Emilia-Romagna,2,PRED,44.0697332,12.5817902,GOOGLE_EARTH,
BR-RN-018,Bagno 24 Rimini,"Lungomare Claudio Tintori 28, 47921 Rimini RN, Italia",Rimini,RN,Emilia-Romagna,2,PRED,44.0694947,12.5820021,GOOGLE_EARTH,
BR-RN-019,Bagno Aldo 25,"Lungomare Claudio Tintori, 47921 Rimini RN, Italia",Rimini,RN,Emilia-Romagna,2,PRED,44.0692003,12.5821928,GOOGLE_EARTH,
BR-RN-020,Bagno Tiki 26 Rimini,"Lungomare Claudio Tintori 30/A, 47921 Rimini RN, Italia",Rimini,RN,Emilia-Romagna,2,PRED,44.068857,12.5825674,GOOGLE_EARTH,
BR-RN-021,La Community 27,"Lungomare Claudio Tintori 32A, 47921 Rimini RN, Italia",Rimini,RN,Emilia-Romagna,2,PRED,44.0685788,12.5828138,GOOGLE_EARTH,
BR-RN-022,Bagno 28A Belvedere,"Lungomare Claudio Tintori 34B, 47921 Rimini RN, Italia",Rimini,RN,Emilia-Romagna,2,PRED,44.0676950,12.5824881,GOOGLE_EARTH,
BR-RN-024,Bagno 28 Nettuno Beach,"Lungomare Claudio Tintori 34/a, 47921 Rimini RN, Italia",Rimini,RN,Emilia-Romagna,2,PRED,44.0677881,12.5837586,GOOGLE_EARTH,
BR-RN-023,Bagno Nettuno,"Lungomare Augusto Murri 2, 47921 Rimini RN, Italia",Rimini,RN,Emilia-Romagna,2,PRED,44.0678353,12.5833583,GOOGLE_EARTH,
BR-RN-025,Spiaggia 29 Rimini,"Lungomare Augusto Murri 4, 47921 Rimini RN, Italia",Rimini,RN,Emilia-Romagna,2,PRED,44.0674345,12.5839557,GOOGLE_EARTH,
BR-RN-026,Bagno 30 Marino,"Lungomare Augusto Murri 2/C, 47921 Rimini RN, Italia",Rimini,RN,Emilia-Romagna,2,PRED,44.0671748,12.5841754,GOOGLE_EARTH,
BR-RN-027,La Dolce Vita 34 Rimini,"Lungomare Augusto Murri 6, 47900 Rimini RN, Italia",Rimini,RN,Emilia-Romagna,2,PRED,44.0662101,12.5850858,GOOGLE_EARTH,
BR-RN-028,Adriatic Village - Beach 35,"Lungomare Augusto Murri 6/B, 47921 Rimini RN, Italia",Rimini,RN,Emilia-Romagna,2,PRED,44.0658508,12.5855376,GOOGLE_EARTH,
BR-RN-029,Adriatic Village - Beach 36,"Lungomare Augusto Murri 8, 47921 Rimini RN, Italia",Rimini,RN,Emilia-Romagna,2,PRED,44.0656511,12.5857297,GOOGLE_EARTH,
BR-RN-030,Adriatic Village - Beach 37,"Lungomare Augusto Murri 8/ A, 47921 Rimini RN, Italia",Rimini,RN,Emilia-Romagna,2,PRED,44.0654179,12.5859644,GOOGLE_EARTH,
BR-RN-031,Bagno 38 Marco,"Lungomare Augusto Murri 10A, 47921 Rimini RN, Italia",Rimini,RN,Emilia-Romagna,2,PRED,44.0651409,12.5862333,GOOGLE_EARTH,
BR-RN-032,Bagno 39 Carlo,"Lungomare Augusto Murri, 47921 Rimini RN, Italia",Rimini,RN,Emilia-Romagna,2,PRED,44.0648833,12.5864854,GOOGLE_EARTH,
BR-RN-033,Bagno Matteo 40 Sud,"Lungomare Augusto Murri 12, 47921 Rimini RN, Italia",Rimini,RN,Emilia-Romagna,2,PRED,44.0646549,12.5867603,GOOGLE_EARTH,
BR-RN-034,Bagno 41 Lucio,"Lungomare Augusto Murri 14, 47900 Rimini RN, Italia",Rimini,RN,Emilia-Romagna,2,PRED,44.0642499,12.5871086,GOOGLE_EARTH,
BR-RN-035,Papaya Beach Bagno 42,"Lungomare Augusto Murri 16, 47921 Rimini RN, Italia",Rimini,RN,Emilia-Romagna,2,PRED,44.0640029,12.5874147,GOOGLE_EARTH,
BR-RN-036,Bagno 43 - Bagno onda,"Lungomare Augusto Murri, 47921 Rimini RN, Italia",Rimini,RN,Emilia-Romagna,2,PRED,44.0636700,12.5877222,GOOGLE_EARTH,
BR-RN-037,Bagno 44 Pino,"Lungomare Augusto Murri 18/a, 47900 Rimini RN, Italia",Rimini,RN,Emilia-Romagna,2,PRED,44.0634207,12.5879543,GOOGLE_EARTH,
BR-RN-038,L'Altra Spiaggia 45,"Lungomare Augusto Murri 24, 47921 Rimini RN, Italia",Rimini,RN,Emilia-Romagna,2,PRED,44.0631280,12.5882439,GOOGLE_EARTH,
BR-RN-039,Bagno 46 Rimini,"Lungomare Augusto Murri 20/A, 47921 Rimini RN, Italia",Rimini,RN,Emilia-Romagna,2,PRED,44.0629261,12.5884017,GOOGLE_EARTH,
BR-RN-040,Le Spiagge Rimini,"Lungomare Augusto Murri 32, 47921 Rimini RN, Italia",Rimini,RN,Emilia-Romagna,2,PRED,44.0625262,12.5883604,GOOGLE_EARTH,
BR-RN-041,Bagno 48,"Lungomare Augusto Murri 24a, 47921 Rimini RN, Italia",Rimini,RN,Emilia-Romagna,2,PRED,44.0623374,12.5890078,GOOGLE_EARTH,
BR-RN-042,Bagno 50 - Le Spiagge Rimini,"Lungomare Augusto Murri 26/B, 47921 Rimini RN, Italia",Rimini,RN,Emilia-Romagna,2,PRED,44.0617875,12.5895358,GOOGLE_EARTH,
BR-RN-043,Bagno 51,"Lungomare Augusto Murri, 47921 Rimini RN, Italia",Rimini,RN,Emilia-Romagna,2,PRED,44.0615217,12.5898063,GOOGLE_EARTH,
BR-RN-044,Bagno 52 - Peppo Fantasy Beach,"Lungomare Augusto Murri, 47921 Rimini RN, Italia",Rimini,RN,Emilia-Romagna,2,PRED,44.0613658,12.5899673,GOOGLE_EARTH,
BR-RN-045,Bagno 53 - Le Spiagge Rimini,"Lungomare Augusto Murri 30/a, 47921 Rimini RN, Italia",Rimini,RN,Emilia-Romagna,2,PRED,44.0610610,12.5903061,GOOGLE_EARTH,
BR-RN-046,Bagno 54 - Le Spiagge Rimini,"Lungomare Augusto Murri 32, 47921 Rimini RN, Italia",Rimini,RN,Emilia-Romagna,2,PRED,44.0607795,12.5905723,GOOGLE_EARTH,
BR-RN-047,Bagno 55 - Le Spiagge Rimini,"Lungomare Augusto Murri 36/a, 47921 Rimini RN, Italia",Rimini,RN,Emilia-Romagna,2,PRED,44.0604744,12.5908893,GOOGLE_EARTH,
BR-RN-048,Bagno 56 Primo Sas Di Tacchi Gilberto E C.,"Lungomare Augusto Murri, 47921 Rimini RN, Italia",Rimini,RN,Emilia-Romagna,2,PRED,44.0601773,12.5911615,GOOGLE_EARTH,
BR-RN-049,Bagno 57 - Le Spiagge Rimini,"Lungomare Augusto Murri 36/a, 47921 Rimini RN, Italia",Rimini,RN,Emilia-Romagna,2,PRED,44.0598978,12.5915472,GOOGLE_EARTH,
BR-RN-050,Bagno 58 - Le Spiagge Rimini,"Lungomare Augusto Murri 38, 47921 Rimini RN, Italia",Rimini,RN,Emilia-Romagna,2,PRED,44.0597783,12.5915378,GOOGLE_EARTH,
BR-RN-051,Bagno 60,"Lungomare Giuseppe di Vittorio 4, 47921 Rimini RN, Italia",Rimini,RN,Emilia-Romagna,2,PRED,44.0592394,12.5921107,GOOGLE_EARTH,
BR-RN-052,Bagno 61,"Lungomare Giuseppe di Vittorio 6, 47921 Rimini RN, Italia",Rimini,RN,Emilia-Romagna,2,PRED,44.0590379,12.5923038,GOOGLE_EARTH,
BR-RN-053,Bagno 62 - Le Spiagge Rimini,"Lungomare Giuseppe di Vittorio 6/a, 47921 Rimini RN, Italia",Rimini,RN,Emilia-Romagna,2,PRED,44.0588121,12.5925101,GOOGLE_EARTH,
BR-RN-054,Bagno 63 Vittorio,"Lungomare Giuseppe di Vittorio, 47921 Rimini RN, Italia",Rimini,RN,Emilia-Romagna,2,PRED,44.0581071,12.5928170,GOOGLE_EARTH,
BR-RN-055,Bagno Dario 64,"Lungomare Giuseppe di Vittorio, 47900 Rimini RN, Italia",Rimini,RN,Emilia-Romagna,2,PRED,44.0576457,12.5936851,GOOGLE_EARTH,
BR-RN-056,Bagno 66 Rimini,"Lungomare Giuseppe di Vittorio, 47921 Rimini RN, Italia",Rimini,RN,Emilia-Romagna,2,PRED,44.0569950,12.5940306,GOOGLE_EARTH,
BR-RN-057,Bagno 67,"Lungomare Giuseppe di Vittorio 16A, 47921 Rimini RN, Italia",Rimini,RN,Emilia-Romagna,2,PRED,44.0559298,12.5953946,GOOGLE_EARTH,
BR-RN-058,Bagno 70,"Lungomare Giuseppe di Vittorio 18A, 47921 Rimini RN, Italia",Rimini,RN,Emilia-Romagna,2,PRED,44.0554122,12.5960113,GOOGLE_EARTH,
BR-RN-059,Bagno 71 Amarcord,"Lungomare Giuseppe di Vittorio 18/b, 47921 Rimini RN, Italia",Rimini,RN,Emilia-Romagna,2,PRED,44.0552825,12.5968542,GOOGLE_EARTH,
BR-RN-060,Bagno Claudio 72 Ondebeach,"Lungomare Giuseppe di Vittorio 20 A, 47921 Rimini RN, Italia",Rimini,RN,Emilia-Romagna,2,PRED,44.0549375,12.5964485,GOOGLE_EARTH,
BR-RN-061,Bagno 73 Riviera Ondebeach,"Lungomare Giuseppe di Vittorio 20/B, 47921 Rimini RN, Italia",Rimini,RN,Emilia-Romagna,2,PRED,44.0546599,12.5965333,GOOGLE_EARTH,
BR-RN-062,Bagni 75 Bulli,"Lungomare Giuseppe di Vittorio 20/D, 47924 Rimini RN, Italia",Rimini,RN,Emilia-Romagna,2,PRED,44.0542106,12.5971669,GOOGLE_EARTH,
BR-RN-063,Bagno 78 Sabbia d'Oro,"Lungomare Giuseppe di Vittorio 24, 47921 Rimini RN, Italia",Rimini,RN,Emilia-Romagna,2,PRED,44.0534266,12.5975675,GOOGLE_EARTH,
BR-RN-064,Bagno 79 Giovanni,"Lungomare Giuseppe di Vittorio 24, 47921 Rimini RN, Italia",Rimini,RN,Emilia-Romagna,2,PRED,44.0531118,12.5984129,GOOGLE_EARTH,
BR-RN-065,Spiaggia 80 Rimini,"Lungomare Giuseppe di Vittorio, 47924 Rimini RN, Italia",Rimini,RN,Emilia-Romagna,2,PRED,44.0527522,12.5988192,GOOGLE_EARTH,
BR-RN-066,Bagno 81,"Lungomare Giuseppe di Vittorio 28, 47924 Rimini RN, Italia",Rimini,RN,Emilia-Romagna,2,PRED,44.0523448,12.5991412,GOOGLE_EARTH,
BR-RN-067,Aloha Your Beach 83 - (Bagno 83),"Lungomare Giuseppe di Vittorio 30, 47924 Rimini RN, Italia",Rimini,RN,Emilia-Romagna,2,PRED,44.0519149,12.5995959,GOOGLE_EARTH,
BR-RN-068,Bagno 84 Graziano Rimini | Luxury Beach & Suite,"Lungomare Giuseppe di Vittorio 30a, 47921 Rimini RN, Italia",Rimini,RN,Emilia-Romagna,2,PRED,44.0515314,12.5998555,GOOGLE_EARTH,
BR-RN-069,Bagno 85 La Playa,"Lungomare Giuseppe di Vittorio 32, 47924 Rimini RN, Italia",Rimini,RN,Emilia-Romagna,2,PRED,44.0510882,12.6002415,GOOGLE_EARTH,
BR-RN-070,Bagno 85A Luca e Dea,"Lungomare Giuseppe di Vittorio 32/b, 47924 Rimini RN, Italia",Rimini,RN,Emilia-Romagna,2,PRED,44.0508761,12.6007599,GOOGLE_EARTH,
BR-RN-071,Bagno Gibo 85B,"Lungomare Giuseppe di Vittorio 34, 47924 Rimini RN, Italia",Rimini,RN,Emilia-Romagna,2,PRED,44.0506484,12.6010627,GOOGLE_EARTH,
BR-RN-072,Bagno 86 Lailai Island,"Lungomare Giuseppe di Vittorio 34/A, 47924 Rimini RN, Italia",Rimini,RN,Emilia-Romagna,2,PRED,44.0501234,12.6014132,GOOGLE_EARTH,
BR-RN-073,Bagno 86A Rimini Brand,"Lungomare Giuseppe di Vittorio 36a, 47921 Bellariva RN, Italia",Rimini,RN,Emilia-Romagna,2,PRED,44.0493580,12.6019683,GOOGLE_EARTH,Bellariva
BR-RN-074,Bagno 87 Carlo,"47924 Bellariva RN, Italia",Rimini,RN,Emilia-Romagna,2,PRED,44.0489679,12.6027024,GOOGLE_EARTH,Bellariva
BR-RN-075,Bagno 88 Vittorio,"Lungomare Giuseppe di Vittorio 38b, 47921 Bellariva RN, Italia",Rimini,RN,Emilia-Romagna,2,PRED,44.0488435,12.6029290,GOOGLE_EARTH,Bellariva
BR-RN-076,Bagno 89 Lele,"Lungomare Giuseppe di Vittorio 38C, 47924 Rimini RN, Italia",Rimini,RN,Emilia-Romagna,2,PRED,44.0486806,12.6032191,GOOGLE_EARTH,
BR-RN-077,Spiaggia 90,"Lungomare Giuseppe di Vittorio 40/a, 47924 Rimini RN, Italia",Rimini,RN,Emilia-Romagna,2,PRED,44.0484736,12.6034589,GOOGLE_EARTH,
BR-RN-078,Lido San Giuliano,"Viale Ortigara, 47921 Rimini RN, Italia",Rimini,RN,Emilia-Romagna,2,PRED,44.0755969,12.5672599,GOOGLE_EARTH,
BR-RN-079,Bagno Riviera 1 di Rimini a Rivabella,"Viale Paolo Toscanelli 5\A, 47921 Rimini RN, Italia",Rimini,RN,Emilia-Romagna,2,PRED,44.0758409,12.5610058,GOOGLE_EARTH,
BR-RN-080,Bagno Celli N. 6,"Viale Paolo Toscanelli 37, 47921 Rimini RN, Italia",Rimini,RN,Emilia-Romagna,2,PRED,44.0781752,12.5548464,GOOGLE_EARTH,
BR-RN-081,Lazy Beach Bagno 7 Rivabella,"Viale Paolo Toscanelli 39a, 47921 Rivabella RN, Italia",Rimini,RN,Emilia-Romagna,2,PRED,44.0785791,12.5540347,GOOGLE_EARTH,Rivabella
BR-RN-082,Bagno 10 Vatikaki,"Viale Paolo Toscanelli, 47921 Rimini RN, Italia",Rimini,RN,Emilia-Romagna,2,PRED,44.0797193,12.5517577,GOOGLE_EARTH,
BR-RN-083,Dolcevita 11 Beach Club & Restaurant,"Viale Paolo Toscanelli 59-63, 47922 Rimini RN, Italia",Rimini,RN,Emilia-Romagna,2,PRED,44.0797648,12.5511433,GOOGLE_EARTH,
BR-RN-084,Bagno 16 Club del Sole,"Viale Paolo Toscanelli, 47922 Rimini RN, Italia",Rimini,RN,Emilia-Romagna,2,PRED,44.0809110,12.5495799,GOOGLE_EARTH,
BR-RN-085,Kalima Beach Club - N. 17,"Viale Paolo Toscanelli 71, 47922 Rimini RN, Italia",Rimini,RN,Emilia-Romagna,2,PRED,44.0822847,12.5471436,GOOGLE_EARTH,
BR-RN-086,Bagno 18 Golden Beach,"Viale Paolo Toscanelli 73, 47922 Rimini RN, Italia",Rimini,RN,Emilia-Romagna,2,PRED,44.0831595,12.5459646,GOOGLE_EARTH,
BR-RN-087,Bagno 19 Bruno,"Viale Giuliano Dati, 47922 Viserba RN, Italia",Rimini,RN,Emilia-Romagna,2,PRED,44.0837260,12.5451256,GOOGLE_EARTH,Viserba
BR-RN-088,Spiaggia Vistamare Viserba 19-20,"Viale Paolo Toscanelli 83, 47921 Viserba RN, Italia",Rimini,RN,Emilia-Romagna,2,PRED,44.0841698,12.5443891,GOOGLE_EARTH,Viserba
BR-RN-089,Bagno Gastone 21,"Viale Giuliano Dati 1, 47922 Viserba RN, Italia",Rimini,RN,Emilia-Romagna,2,PRED,44.0843047,12.5443268,GOOGLE_EARTH,Viserba
BR-RN-090,Bagno 22 Anna,"Viale Giuliano Dati 1/C, 47922 Viserba RN, Italia",Rimini,RN,Emilia-Romagna,2,PRED,44.0849374,12.5435144,GOOGLE_EARTH,Viserba
BR-RN-091,Bagno Marinagrande Di Viserba,"Viale Giuliano Dati 19, 47922 Viserba RN, Italia",Rimini,RN,Emilia-Romagna,2,PRED,44.0861846,12.5417113,GOOGLE_EARTH,Viserba
BR-RN-092,Bagno N°27 Marinagrande,"Viale Giuliano Dati 29, 47922 Rimini RN, Italia",Rimini,RN,Emilia-Romagna,2,PRED,44.0871534,12.5402153,GOOGLE_EARTH,
BR-RN-093,Playa Tamarindo,"Viale Giuliano Dati 47/D, 47922 Rimini RN, Italia",Rimini,RN,Emilia-Romagna,2,PRED,44.0879287,12.5391162,GOOGLE_EARTH,
BR-RN-094,Bagno 31 playa tamarindo,"Viale Giuliano Dati 93, 47922 Viserba RN, Italia",Rimini,RN,Emilia-Romagna,2,PRED,44.0883588,12.5385781,GOOGLE_EARTH,Viserba
BR-RN-095,Bahia Rico's Spiagge 35/36 Viserba,"Viale Giuliano Dati 105A, 47922 Viserba RN, Italia",Rimini,RN,Emilia-Romagna,2,PRED,44.0898351,12.5362525,GOOGLE_EARTH,Viserba
BR-RN-096,Bagno 37 Pietro,"Viale Giuliano Dati 111 a, 47922 Viserba RN, Italia",Rimini,RN,Emilia-Romagna,2,PRED,44.0906944,12.5348672,GOOGLE_EARTH,Viserba
BR-RN-097,Bagno 38 Egisto,"Viale Giuliano Dati 113H, 47922 Viserba RN, Italia",Rimini,RN,Emilia-Romagna,2,PRED,44.0907810,12.5344033,GOOGLE_EARTH,Viserba
BR-RN-098,Spiaggia 39 Cigno,"Viale Porto Palos 3a, 47922 Viserbella RN, Italia",Rimini,RN,Emilia-Romagna,2,PRED,44.0919688,12.5335241,GOOGLE_EARTH,Viserbella
BR-RN-099,Bagno 40/42 Angelo,"Viale Porto Palos 3, 47922 Viserbella RN, Italia",Rimini,RN,Emilia-Romagna,2,PRED,44.0925443,12.5330774,GOOGLE_EARTH,Viserbella
BR-RN-100,Spiagge Salsedine 44-45,"Viale Porto Palos 31, 47922 Rimini RN, Italia",Rimini,RN,Emilia-Romagna,2,PRED,44.0942722,12.5294270,GOOGLE_EARTH,
