id,name,address,city,province,region,lat,lng,baselineLevel,baselineSource,notes
BR-RN-001,Bagno Uno,"Lungomare Claudio Tintori 2, 47921 Rimini RN, Italia",Rimini,RN,Emilia-Romagna,44.0762395,12.5760479,2,PRED,lat/lng to be filled via geocoding script (Nominatim) before importing into app.
BR-RN-002,Prime Spiagge bagni 5.6.7,"Lungomare Claudio Tintori 10, 47921 Rimini RN, Italia",Rimini,RN,Emilia-Romagna,44.074598,12.5770995,2,PRED,lat/lng to be filled via geocoding script (Nominatim) before importing into app.
BR-RN-003,Bagno N. 7 Alan Di G.A.E. Di Iaci Gaspare E C. Snc,"Lungomare Claudio Tintori 15, 47921 Rimini RN, Italia",Rimini,RN,Emilia-Romagna,44.0744934,12.5775252,2,PRED,lat/lng to be filled via geocoding script (Nominatim) before importing into app.
BR-RN-004,Beach 8 Luciano - Centro Nautico,"Lungomare Claudio Tintori 12, 47921 Rimini RN, Italia",Rimini,RN,Emilia-Romagna,44.0740137,12.5777146,2,PRED,lat/lng to be filled via geocoding script (Nominatim) before importing into app.
BR-RN-005,La Spiaggia del Grand Hotel Rimini,"Lungomare Claudio Tintori 12, 47921 Rimini RN, Italia",Rimini,RN,Emilia-Romagna,44.0737541,12.578315,2,PRED,lat/lng to be filled via geocoding script (Nominatim) before importing into app.
BR-RN-006,Bagno 9 Mauro,"Lungomare Claudio Tintori, 47921 Rimini RN, Italia",Rimini,RN,Emilia-Romagna,44.073298,12.5789202,2,PRED,lat/lng to be filled via geocoding script (Nominatim) before importing into app.
BR-RN-007,Bagno delle Rose 10,"Lungomare Claudio Tintori 16, 47921 Rimini RN, Italia",Rimini,RN,Emilia-Romagna,44.0729656,12.5791241,2,PRED,lat/lng to be filled via geocoding script (Nominatim) before importing into app.
BR-RN-008,Bagno 12 Azzurro,"Lungomare Claudio Tintori 18, 47921 Rimini RN, Italia",Rimini,RN,Emilia-Romagna,44.0721177,12.5787776,2,PRED,lat/lng to be filled via geocoding script (Nominatim) before importing into app.
BR-RN-009,Bagno 14 B. L'Amarissimo,"Lungomare Claudio Tintori 20, 47921 Rimini RN, Italia",Rimini,RN,Emilia-Romagna,44.0719663,12.5798659,2,PRED,lat/lng to be filled via geocoding script (Nominatim) before importing into app.
BR-RN-010,Bagno 15 Oasi,"Lungomare Claudio Tintori, 47921 Rimini RN, Italia",Rimini,RN,Emilia-Romagna,44.0716993,12.5801758,2,PRED,lat/lng to be filled via geocoding script (Nominatim) before importing into app.
BR-RN-011,Bagno 16 Giorgio,"Lungomare Claudio Tintori, 47921 Rimini RN, Italia",Rimini,RN,Emilia-Romagna,44.0713832,12.5804296,2,PRED,lat/lng to be filled via geocoding script (Nominatim) before importing into app.
BR-RN-012,Bagno 17 Rimini,"Lungomare Claudio Tintori 22A, 47921 Rimini RN, Italia",Rimini,RN,Emilia-Romagna,44.0711716,12.5805854,2,PRED,lat/lng to be filled via geocoding script (Nominatim) before importing into app.
BR-RN-013,Bagno 18 Attilio,"Lungomare Claudio Tintori 24, 47921 Rimini RN, Italia",Rimini,RN,Emilia-Romagna,44.0708861,12.5808477,2,PRED,lat/lng to be filled via geocoding script (Nominatim) before importing into app.
BR-RN-014,Bagno 19 Gastone,"Lungomare Claudio Tintori, 47921 Rimini RN, Italia",Rimini,RN,Emilia-Romagna,44.0706143,12.5809691,2,PRED,lat/lng to be filled via geocoding script (Nominatim) before importing into app.
BR-RN-015,Bagno 20 Arcobaleno,"Lungomare Claudio Tintori 26, 47921 Rimini RN, Italia",Rimini,RN,Emilia-Romagna,44.0703086,12.581347,2,PRED,lat/lng to be filled via geocoding script (Nominatim) before importing into app.
BR-RN-016,Bagni 21 Sirena Beach,"Lungomare Claudio Tintori 21, 47921 Rimini RN, Italia",Rimini,RN,Emilia-Romagna,44.0698353,12.5808313,2,PRED,lat/lng to be filled via geocoding script (Nominatim) before importing into app.
BR-RN-017,Bagni 23 Sirena Beach,"Lungomare Claudio Tintori 23/C, 47921 Rimini RN, Italia",Rimini,RN,Emilia-Romagna,44.0697332,12.5817902,2,PRED,lat/lng to be filled via geocoding script (Nominatim) before importing into app.
BR-RN-018,Bagno 24 Rimini,"Lungomare Claudio Tintori 28, 47921 Rimini RN, Italia",Rimini,RN,Emilia-Romagna,44.0694947,12.5820021,2,PRED,lat/lng to be filled via geocoding script (Nominatim) before importing into app.
BR-RN-019,Bagno Aldo 25,"Lungomare Claudio Tintori, 47921 Rimini RN, Italia",Rimini,RN,Emilia-Romagna,44.0692003,12.5821928,2,PRED,lat/lng to be filled via geocoding script (Nominatim) before importing into app.
BR-RN-020,Bagno Tiki 26 Rimini,"Lungomare Claudio Tintori 30/A, 47921 Rimini RN, Italia",Rimini,RN,Emilia-Romagna,44.068857,12.5825674,2,PRED,lat/lng to be filled via geocoding script (Nominatim) before importing into app.
BR-RN-021,La Community 27,"Lungomare Claudio Tintori 32A, 47921 Rimini RN, Italia",Rimini,RN,Emilia-Romagna,44.0685788,12.5828138,2,PRED,lat/lng to be filled via geocoding script (Nominatim) before importing into app.
BR-RN-022,Bagno 28A Belvedere,"Lungomare Claudio Tintori 34B, 47921 Rimini RN, Italia",Rimini,RN,Emilia-Romagna,44.067695,12.5824881,2,PRED,lat/lng to be filled via geocoding script (Nominatim) before importing into app.
BR-RN-024,Bagno 28 Nettuno Beach,"Lungomare Claudio Tintori 34/a, 47921 Rimini RN, Italia",Rimini,RN,Emilia-Romagna,44.0677881,12.5837586,2,PRED,lat/lng to be filled via geocoding script (Nominatim) before importing into app.
BR-RN-023,Bagno Nettuno,"Lungomare Augusto Murri 2, 47921 Rimini RN, Italia",Rimini,RN,Emilia-Romagna,44.0678353,12.5833583,2,PRED,lat/lng to be filled via geocoding script (Nominatim) before importing into app.
BR-RN-025,Spiaggia 29 Rimini,"Lungomare Augusto Murri 4, 47921 Rimini RN, Italia",Rimini,RN,Emilia-Romagna,44.0674345,12.5839557,2,PRED,lat/lng to be filled via geocoding script (Nominatim) before importing into app.
BR-RN-026,Bagno 30 Marino,"Lungomare Augusto Murri 2/C, 47921 Rimini RN, Italia",Rimini,RN,Emilia-Romagna,44.0671748,12.5841754,2,PRED,lat/lng to be filled via geocoding script (Nominatim) before importing into app.
BR-RN-027,La Dolce Vita 34 Rimini,"Lungomare Augusto Murri 6, 47900 Rimini RN, Italia",Rimini,RN,Emilia-Romagna,44.0662101,12.5850858,2,PRED,lat/lng to be filled via geocoding script (Nominatim) before importing into app.
BR-RN-028,Adriatic Village - Beach 35,"Lungomare Augusto Murri 6/B, 47921 Rimini RN, Italia",Rimini,RN,Emilia-Romagna,44.0658508,12.5855376,2,PRED,lat/lng to be filled via geocoding script (Nominatim) before importing into app.
BR-RN-029,Adriatic Village - Beach 36,"Lungomare Augusto Murri 8, 47921 Rimini RN, Italia",Rimini,RN,Emilia-Romagna,44.0656511,12.5857297,2,PRED,lat/lng to be filled via geocoding script (Nominatim) before importing into app.
BR-RN-030,Adriatic Village - Beach 37,"Lungomare Augusto Murri 8/ A, 47921 Rimini RN, Italia",Rimini,RN,Emilia-Romagna,44.0654179,12.5859644,2,PRED,lat/lng to be filled via geocoding script (Nominatim) before importing into app.
BR-RN-031,Bagno 38 Marco,"Lungomare Augusto Murri 10A, 47921 Rimini RN, Italia",Rimini,RN,Emilia-Romagna,44.0651409,12.5862333,2,PRED,lat/lng to be filled via geocoding script (Nominatim) before importing into app.
BR-RN-032,Bagno 39 Carlo,"Lungomare Augusto Murri, 47921 Rimini RN, Italia",Rimini,RN,Emilia-Romagna,44.0648833,12.5864854,2,PRED,lat/lng to be filled via geocoding script (Nominatim) before importing into app.
BR-RN-033,Bagno Matteo 40 Sud,"Lungomare Augusto Murri 12, 47921 Rimini RN, Italia",Rimini,RN,Emilia-Romagna,44.0646549,12.5867603,2,PRED,lat/lng to be filled via geocoding script (Nominatim) before importing into app.
BR-RN-034,Bagno 41 Lucio,"Lungomare Augusto Murri 14, 47900 Rimini RN, Italia",Rimini,RN,Emilia-Romagna,44.0642499,12.5871086,2,PRED,lat/lng to be filled via geocoding script (Nominatim) before importing into app.
BR-RN-035,Papaya Beach Bagno 42,"Lungomare Augusto Murri 16, 47921 Rimini RN, Italia",Rimini,RN,Emilia-Romagna,44.0640029,12.5874147,2,PRED,lat/lng to be filled via geocoding script (Nominatim) before importing into app.
BR-RN-036,Bagno 43 - Bagno onda,"Lungomare Augusto Murri, 47921 Rimini RN, Italia",Rimini,RN,Emilia-Romagna,44.06367,12.5877222,2,PRED,lat/lng to be filled via geocoding script (Nominatim) before importing into app.
BR-RN-037,Bagno 44 Pino,"Lungomare Augusto Murri 18/a, 47900 Rimini RN, Italia",Rimini,RN,Emilia-Romagna,44.0634207,12.5879543,2,PRED,lat/lng to be filled via geocoding script (Nominatim) before importing into app.
BR-RN-038,L'Altra Spiaggia 45,"Lungomare Augusto Murri 24, 47921 Rimini RN, Italia",Rimini,RN,Emilia-Romagna,44.063128,12.5882439,2,PRED,lat/lng to be filled via geocoding script (Nominatim) before importing into app.
BR-RN-039,Bagno 46 Rimini,"Lungomare Augusto Murri 20/A, 47921 Rimini RN, Italia",Rimini,RN,Emilia-Romagna,44.0629261,12.5884017,2,PRED,lat/lng to be filled via geocoding script (Nominatim) before importing into app.
BR-RN-040,Le Spiagge Rimini,"Lungomare Augusto Murri 32, 47921 Rimini RN, Italia",Rimini,RN,Emilia-Romagna,44.0625262,12.5883604,2,PRED,lat/lng to be filled via geocoding script (Nominatim) before importing into app.
BR-RN-041,Bagno 48,"Lungomare Augusto Murri 24a, 47921 Rimini RN, Italia",Rimini,RN,Emilia-Romagna,44.0623374,12.5890078,2,PRED,lat/lng to be filled via geocoding script (Nominatim) before importing into app.
BR-RN-042,Bagno 50 - Le Spiagge Rimini,"Lungomare Augusto Murri 26/B, 47921 Rimini RN, Italia",Rimini,RN,Emilia-Romagna,44.0617875,12.5895358,2,PRED,lat/lng to be filled via geocoding script (Nominatim) before importing into app.
BR-RN-043,Bagno 51,"Lungomare Augusto Murri, 47921 Rimini RN, Italia",Rimini,RN,Emilia-Romagna,44.0615217,12.5898063,2,PRED,lat/lng to be filled via geocoding script (Nominatim) before importing into app.
BR-RN-044,Bagno 52 - Peppo Fantasy Beach,"Lungomare Augusto Murri, 47921 Rimini RN, Italia",Rimini,RN,Emilia-Romagna,44.0613658,12.5899673,2,PRED,lat/lng to be filled via geocoding script (Nominatim) before importing into app.
BR-RN-045,Bagno 53 - Le Spiagge Rimini,"Lungomare Augusto Murri 30/a, 47921 Rimini RN, Italia",Rimini,RN,Emilia-Romagna,44.061061,12.5903061,2,PRED,lat/lng to be filled via geocoding script (Nominatim) before importing into app.
BR-RN-046,Bagno 54 - Le Spiagge Rimini,"Lungomare Augusto Murri 32, 47921 Rimini RN, Italia",Rimini,RN,Emilia-Romagna,44.0607795,12.5905723,2,PRED,lat/lng to be filled via geocoding script (Nominatim) before importing into app.
BR-RN-047,Bagno 55 - Le Spiagge Rimini,"Lungomare Augusto Murri 36/a, 47921 Rimini RN, Italia",Rimini,RN,Emilia-Romagna,44.0604744,12.5908893,2,PRED,lat/lng to be filled via geocoding script (Nominatim) before importing into app.
BR-RN-048,Bagno 56 Primo Sas Di Tacchi Gilberto E C.,"Lungomare Augusto Murri, 47921 Rimini RN, Italia",Rimini,RN,Emilia-Romagna,44.0601773,12.5911615,2,PRED,lat/lng to be filled via geocoding script (Nominatim) before importing into app.
BR-RN-049,Bagno 57 - Le Spiagge Rimini,"Lungomare Augusto Murri 36/a, 47921 Rimini RN, Italia",Rimini,RN,Emilia-Romagna,44.0598978,12.5915472,2,PRED,lat/lng to be filled via geocoding script (Nominatim) before importing into app.
BR-RN-050,Bagno 58 - Le Spiagge Rimini,"Lungomare Augusto Murri 38, 47921 Rimini RN, Italia",Rimini,RN,Emilia-Romagna,44.0597783,12.5915378,2,PRED,lat/lng to be filled via geocoding script (Nominatim) before importing into app.
BR-RN-051,Bagno 60,"Lungomare Giuseppe di Vittorio 4, 47921 Rimini RN, Italia",Rimini,RN,Emilia-Romagna,44.0592394,12.5921107,2,PRED,lat/lng to be filled via geocoding script (Nominatim) before importing into app.
BR-RN-052,Bagno 61,"Lungomare Giuseppe di Vittorio 6, 47921 Rimini RN, Italia",Rimini,RN,Emilia-Romagna,44.0590379,12.5923038,2,PRED,lat/lng to be filled via geocoding script (Nominatim) before importing into app.
BR-RN-053,Bagno 62 - Le Spiagge Rimini,"Lungomare Giuseppe di Vittorio 6/a, 47921 Rimini RN, Italia",Rimini,RN,Emilia-Romagna,44.0588121,12.5925101,2,PRED,lat/lng to be filled via geocoding script (Nominatim) before importing into app.
BR-RN-054,Bagno 63 Vittorio,"Lungomare Giuseppe di Vittorio, 47921 Rimini RN, Italia",Rimini,RN,Emilia-Romagna,44.0581071,12.592817,2,PRED,lat/lng to be filled via geocoding script (Nominatim) before importing into app.
BR-RN-055,Bagno Dario 64,"Lungomare Giuseppe di Vittorio, 47900 Rimini RN, Italia",Rimini,RN,Emilia-Romagna,44.0576457,12.5936851,2,PRED,lat/lng to be filled via geocoding script (Nominatim) before importing into app.
BR-RN-056,Bagno 66 Rimini,"Lungomare Giuseppe di Vittorio, 47921 Rimini RN, Italia",Rimini,RN,Emilia-Romagna,44.056995,12.5940306,2,PRED,lat/lng to be filled via geocoding script (Nominatim) before importing into app.
BR-RN-057,Bagno 67,"Lungomare Giuseppe di Vittorio 16A, 47921 Rimini RN, Italia",Rimini,RN,Emilia-Romagna,44.0559298,12.5953946,2,PRED,lat/lng to be filled via geocoding script (Nominatim) before importing into app.
BR-RN-058,Bagno 70,"Lungomare Giuseppe di Vittorio 18A, 47921 Rimini RN, Italia",Rimini,RN,Emilia-Romagna,44.0554122,12.5960113,2,PRED,lat/lng to be filled via geocoding script (Nominatim) before importing into app.
BR-RN-059,Bagno 71 Amarcord,"Lungomare Giuseppe di Vittorio 18/b, 47921 Rimini RN, Italia",Rimini,RN,Emilia-Romagna,44.0552825,12.5968542,2,PRED,lat/lng to be filled via geocoding script (Nominatim) before importing into app.
BR-RN-060,Bagno Claudio 72 Ondebeach,"Lungomare Giuseppe di Vittorio 20 A, 47921 Rimini RN, Italia",Rimini,RN,Emilia-Romagna,44.0549375,12.5964485,2,PRED,lat/lng to be filled via geocoding script (Nominatim) before importing into app.
BR-RN-061,Bagno 73 Riviera Ondebeach,"Lungomare Giuseppe di Vittorio 20/B, 47921 Rimini RN, Italia",Rimini,RN,Emilia-Romagna,44.0546599,12.5965333,2,PRED,lat/lng to be filled via geocoding script (Nominatim) before importing into app.
BR-RN-062,Bagni 75 Bulli,"Lungomare Giuseppe di Vittorio 20/D, 47924 Rimini RN, Italia",Rimini,RN,Emilia-Romagna,44.0542106,12.5971669,2,PRED,lat/lng to be filled via geocoding script (Nominatim) before importing into app.
BR-RN-063,Bagno 78 Sabbia d'Oro,"Lungomare Giuseppe di Vittorio 24, 47921 Rimini RN, Italia",Rimini,RN,Emilia-Romagna,44.0534266,12.5975675,2,PRED,lat/lng to be filled via geocoding script (Nominatim) before importing into app.
BR-RN-064,Bagno 79 Giovanni,"Lungomare Giuseppe di Vittorio 24, 47921 Rimini RN, Italia",Rimini,RN,Emilia-Romagna,44.0531118,12.5984129,2,PRED,lat/lng to be filled via geocoding script (Nominatim) before importing into app.
BR-RN-065,Spiaggia 80 Rimini,"Lungomare Giuseppe di Vittorio, 47924 Rimini RN, Italia",Rimini,RN,Emilia-Romagna,44.0527522,12.5988192,2,PRED,lat/lng to be filled via geocoding script (Nominatim) before importing into app.
BR-RN-066,Bagno 81,"Lungomare Giuseppe di Vittorio 28, 47924 Rimini RN, Italia",Rimini,RN,Emilia-Romagna,44.0523448,12.5991412,2,PRED,lat/lng to be filled via geocoding script (Nominatim) before importing into app.
BR-RN-067,Aloha Your Beach 83 - (Bagno 83),"Lungomare Giuseppe di Vittorio 30, 47924 Rimini RN, Italia",Rimini,RN,Emilia-Romagna,44.0519149,12.5995959,2,PRED,lat/lng to be filled via geocoding script (Nominatim) before importing into app.
BR-RN-068,Bagno 84 Graziano Rimini | Luxury Beach & Suite,"Lungomare Giuseppe di Vittorio 30a, 47921 Rimini RN, Italia",Rimini,RN,Emilia-Romagna,44.0515314,12.5998555,2,PRED,lat/lng to be filled via geocoding script (Nominatim) before importing into app.
BR-RN-069,Bagno 85 La Playa,"Lungomare Giuseppe di Vittorio 32, 47924 Rimini RN, Italia",Rimini,RN,Emilia-Romagna,44.0510882,12.6002415,2,PRED,lat/lng to be filled via geocoding script (Nominatim) before importing into app.
BR-RN-070,Bagno 85A Luca e Dea,"Lungomare Giuseppe di Vittorio 32/b, 47924 Rimini RN, Italia",Rimini,RN,Emilia-Romagna,44.0508761,12.6007599,2,PRED,lat/lng to be filled via geocoding script (Nominatim) before importing into app.
BR-RN-071,Bagno Gibo 85B,"Lungomare Giuseppe di Vittorio 34, 47924 Rimini RN, Italia",Rimini,RN,Emilia-Romagna,44.0506484,12.6010627,2,PRED,lat/lng to be filled via geocoding script (Nominatim) before importing into app.
BR-RN-072,Bagno 86 Lailai Island,"Lungomare Giuseppe di Vittorio 34/A, 47924 Rimini RN, Italia",Rimini,RN,Emilia-Romagna,44.0501234,12.6014132,2,PRED,lat/lng to be filled via geocoding script (Nominatim) before importing into app.
BR-RN-073,Bagno 86A Rimini Brand,"Lungomare Giuseppe di Vittorio 36a, 47921 Bellariva RN, Italia",Rimini,RN,Emilia-Romagna,44.049358,12.6019683,2,PRED,lat/lng to be filled via geocoding script (Nominatim) before importing into app. Locality hint: Bellariva.
BR-RN-074,Bagno 87 Carlo,"47924 Bellariva RN, Italia",Rimini,RN,Emilia-Romagna,44.0489679,12.6027024,2,PRED,lat/lng to be filled via geocoding script (Nominatim) before importing into app. Locality hint: Bellariva.
BR-RN-075,Bagno 88 Vittorio,"Lungomare Giuseppe di Vittorio 38b, 47921 Bellariva RN, Italia",Rimini,RN,Emilia-Romagna,44.0488435,12.602929,2,PRED,lat/lng to be filled via geocoding script (Nominatim) before importing into app. Locality hint: Bellariva.
BR-RN-076,Bagno 89 Lele,"Lungomare Giuseppe di Vittorio 38C, 47924 Rimini RN, Italia",Rimini,RN,Emilia-Romagna,44.0486806,12.6032191,2,PRED,lat/lng to be filled via geocoding script (Nominatim) before importing into app.
BR-RN-077,Spiaggia 90,"Lungomare Giuseppe di Vittorio 40/a, 47924 Rimini RN, Italia",Rimini,RN,Emilia-Romagna,44.0484736,12.6034589,2,PRED,lat/lng to be filled via geocoding script (Nominatim) before importing into app.
BR-RN-078,Lido San Giuliano,"Viale Ortigara, 47921 Rimini RN, Italia",Rimini,RN,Emilia-Romagna,44.0755969,12.5672599,2,PRED,lat/lng to be filled via geocoding script (Nominatim) before importing into app.
BR-RN-079,Bagno Riviera 1 di Rimini a Rivabella,"Viale Paolo Toscanelli 5\A, 47921 Rimini RN, Italia",Rimini,RN,Emilia-Romagna,44.0758409,12.5610058,2,PRED,lat/lng to be filled via geocoding script (Nominatim) before importing into app.
BR-RN-080,Bagno Celli N. 6,"Viale Paolo Toscanelli 37, 47921 Rimini RN, Italia",Rimini,RN,Emilia-Romagna,44.0781752,12.5548464,2,PRED,lat/lng to be filled via geocoding script (Nominatim) before importing into app.
BR-RN-081,Lazy Beach Bagno 7 Rivabella,"Viale Paolo Toscanelli 39a, 47921 Rivabella RN, Italia",Rimini,RN,Emilia-Romagna,44.0785791,12.5540347,2,PRED,lat/lng to be filled via geocoding script (Nominatim) before importing into app. Locality hint: Rivabella.
BR-RN-082,Bagno 10 Vatikaki,"Viale Paolo Toscanelli, 47921 Rimini RN, Italia",Rimini,RN,Emilia-Romagna,44.0797193,12.5517577,2,PRED,lat/lng to be filled via geocoding script (Nominatim) before importing into app.
BR-RN-083,Dolcevita 11 Beach Club & Restaurant,"Viale Paolo Toscanelli 59-63, 47922 Rimini RN, Italia",Rimini,RN,Emilia-Romagna,44.0797648,12.5511433,2,PRED,lat/lng to be filled via geocoding script (Nominatim) before importing into app.
BR-RN-084,Bagno 16 Club del Sole,"Viale Paolo Toscanelli, 47922 Rimini RN, Italia",Rimini,RN,Emilia-Romagna,44.080911,12.5495799,2,PRED,lat/lng to be filled via geocoding script (Nominatim) before importing into app.
BR-RN-085,Kalima Beach Club - N. 17,"Viale Paolo Toscanelli 71, 47922 Rimini RN, Italia",Rimini,RN,Emilia-Romagna,44.0822847,12.5471436,2,PRED,lat/lng to be filled via geocoding script (Nominatim) before importing into app.
BR-RN-086,Bagno 18 Golden Beach,"Viale Paolo Toscanelli 73, 47922 Rimini RN, Italia",Rimini,RN,Emilia-Romagna,44.0831595,12.5459646,2,PRED,lat/lng to be filled via geocoding script (Nominatim) before importing into app.
BR-RN-087,Bagno 19 Bruno,"Viale Giuliano Dati, 47922 Viserba RN, Italia",Rimini,RN,Emilia-Romagna,44.083726,12.5451256,2,PRED,lat/lng to be filled via geocoding script (Nominatim) before importing into app. Locality hint: Viserba.
BR-RN-088,Spiaggia Vistamare Viserba 19-20,"Viale Paolo Toscanelli 83, 47921 Viserba RN, Italia",Rimini,RN,Emilia-Romagna,44.0841698,12.5443891,2,PRED,lat/lng to be filled via geocoding script (Nominatim) before importing into app. Locality hint: Viserba.
BR-RN-089,Bagno Gastone 21,"Viale Giuliano Dati 1, 47922 Viserba RN, Italia",Rimini,RN,Emilia-Romagna,44.0843047,12.5443268,2,PRED,lat/lng to be filled via geocoding script (Nominatim) before importing into app. Locality hint: Viserba.
BR-RN-090,Bagno 22 Anna,"Viale Giuliano Dati 1/C, 47922 Viserba RN, Italia",Rimini,RN,Emilia-Romagna,44.0849374,12.5435144,2,PRED,lat/lng to be filled via geocoding script (Nominatim) before importing into app. Locality hint: Viserba.
BR-RN-091,Bagno Marinagrande Di Viserba,"Viale Giuliano Dati 19, 47922 Viserba RN, Italia",Rimini,RN,Emilia-Romagna,44.0861846,12.5417113,2,PRED,lat/lng to be filled via geocoding script (Nominatim) before importing into app. Locality hint: Viserba.
BR-RN-092,Bagno N°27 Marinagrande,"Viale Giuliano Dati 29, 47922 Rimini RN, Italia",Rimini,RN,Emilia-Romagna,44.0871534,12.5402153,2,PRED,lat/lng to be filled via geocoding script (Nominatim) before importing into app.
BR-RN-093,Playa Tamarindo,"Viale Giuliano Dati 47/D, 47922 Rimini RN, Italia",Rimini,RN,Emilia-Romagna,44.0879287,12.5391162,2,PRED,lat/lng to be filled via geocoding script (Nominatim) before importing into app.
BR-RN-094,Bagno 31 playa tamarindo,"Viale Giuliano Dati 93, 47922 Viserba RN, Italia",Rimini,RN,Emilia-Romagna,44.0883588,12.5385781,2,PRED,lat/lng to be filled via geocoding script (Nominatim) before importing into app. Locality hint: Viserba.
BR-RN-095,Bahia Rico's Spiagge 35/36 Viserba,"Viale Giuliano Dati 105A, 47922 Viserba RN, Italia",Rimini,RN,Emilia-Romagna,44.0898351,12.5362525,2,PRED,lat/lng to be filled via geocoding script (Nominatim) before importing into app. Locality hint: Viserba.
BR-RN-096,Bagno 37 Pietro,"Viale Giuliano Dati 111 a, 47922 Viserba RN, Italia",Rimini,RN,Emilia-Romagna,44.0906944,12.5348672,2,PRED,lat/lng to be filled via geocoding script (Nominatim) before importing into app. Locality hint: Viserba.
BR-RN-097,Bagno 38 Egisto,"Viale Giuliano Dati 113H, 47922 Viserba RN, Italia",Rimini,RN,Emilia-Romagna,44.090781,12.5344033,2,PRED,lat/lng to be filled via geocoding script (Nominatim) before importing into app. Locality hint: Viserba.
BR-RN-098,Spiaggia 39 Cigno,"Viale Porto Palos 3a, 47922 Viserbella RN, Italia",Rimini,RN,Emilia-Romagna,44.0919688,12.5335241,2,PRED,lat/lng to be filled via geocoding script (Nominatim) before importing into app. Locality hint: Viserbella.
BR-RN-099,Bagno 40/42 Angelo,"Viale Porto Palos 3, 47922 Viserbella RN, Italia",Rimini,RN,Emilia-Romagna,44.0925443,12.5330774,2,PRED,lat/lng to be filled via geocoding script (Nominatim) before importing into app. Locality hint: Viserbella.
BR-RN-100,Spiagge Salsedine 44-45,"Viale Porto Palos 31, 47922 Rimini RN, Italia",Rimini,RN,Emilia-Romagna,44.0942722,12.529427,2,PRED,lat/lng to be filled via geocoding script (Nominatim) before importing into app.
BR-RA-MIMA-001,Haiti .339,"Viale Xxvi Traversa 339, 48015 Cervia RA, Italia",Cervia,RA,Emilia-Romagna,44.2998741,12.3474269,2,PRED,lat/lng to be filled via overrides/geocoding pipeline.
BR-RA-MIMA-002,Pineta .337B,"337/B Via XXV Traversa Pineta, 48015 Cervia RA, Italia",Cervia,RA,Emilia-Romagna,44.2992792,12.3474177,2,PRED,lat/lng to be filled via overrides/geocoding pipeline.
BR-RA-MIMA-003,Pineta Family Village Beach .332,"Via XXIV 332/B, 48015 Milano Marittima RA, Italia",Milano Marittima,RA,Emilia-Romagna,44.2971122,12.3480596,2,PRED,lat/lng to be filled via overrides/geocoding pipeline.
BR-RA-MIMA-004,Spiaggia Libera della Colonia,"Traversa XIX Pineta, 48015 Milano Marittima RA, Italia",Milano Marittima,RA,Emilia-Romagna,44.2945141,12.3484896,2,PRED,lat/lng to be filled via overrides/geocoding pipeline.
BR-RA-MIMA-005,Colombina .320,"Via XIII Traversa, 48015 Cervia RA, Italia",Cervia,RA,Emilia-Romagna,44.2926286,12.3489433,2,PRED,lat/lng to be filled via overrides/geocoding pipeline.
BR-RA-MIMA-006,Bagno Del Pino 318,"Traversa XVII Mare 312, 48015 Milano Marittima RA, Italia",Milano Marittima,RA,Emilia-Romagna,44.2919846,12.3488311,2,PRED,lat/lng to be filled via overrides/geocoding pipeline.
BR-RA-MIMA-007,Bagno Dario,"Traversa XVI Pineta 315, 48015 Milano Marittima RA, Italia",Milano Marittima,RA,Emilia-Romagna,44.2911741,12.3490511,2,PRED,lat/lng to be filled via overrides/geocoding pipeline.
BR-RA-MIMA-008,Bagno Del Pino 312,"XV Traversa, 48015 Milano Marittima RA, Italia",Milano Marittima,RA,Emilia-Romagna,44.2904867,12.3493389,2,PRED,lat/lng to be filled via overrides/geocoding pipeline.
BR-RA-MIMA-009,Gabbiano .311,"Via XV Traversa Pineta 11, 48015 Milano Marittima RA, Italia",Milano Marittima,RA,Emilia-Romagna,44.2901202,12.3494962,2,PRED,lat/lng to be filled via overrides/geocoding pipeline.
BR-RA-MIMA-010,King's Beach #310,"Lungomare MiMa 310, 48015 Milano Marittima RA, Italia",Milano Marittima,RA,Emilia-Romagna,44.289922,12.3496961,2,PRED,lat/lng to be filled via overrides/geocoding pipeline.
BR-RA-MIMA-011,Bagno Deanna 309,"Via XIII Traversa 309, 48015 Cervia RA, Italia",Cervia,RA,Emilia-Romagna,44.2896811,12.3495902,2,PRED,lat/lng to be filled via overrides/geocoding pipeline.
BR-RA-MIMA-012,Targhini .308,"Lungomare MiMa 308, 48015 Milano Marittima RA, Italia",Milano Marittima,RA,Emilia-Romagna,44.2892484,12.3497028,2,PRED,lat/lng to be filled via overrides/geocoding pipeline.
BR-RA-MIMA-013,Bagno Virtual Beach 299,"V. IX Traversa, 48015 Milano Marittima RA, Italia",Milano Marittima,RA,Emilia-Romagna,44.2862401,12.3503657,2,PRED,lat/lng to be filled via overrides/geocoding pipeline.
BR-RA-MIMA-014,Premier Palm Beach .296,"Lungomare MiMa 296, 48015 Milano Marittima RA, Italia",Milano Marittima,RA,Emilia-Romagna,44.285218,12.3510353,2,PRED,lat/lng to be filled via overrides/geocoding pipeline.
BR-RA-MIMA-015,Duenoveuno Beach .291,"Traversa VI, 48015 Milano Marittima RA, Italia",Milano Marittima,RA,Emilia-Romagna,44.2841147,12.3510359,2,PRED,lat/lng to be filled via overrides/geocoding pipeline.
BR-RA-MIMA-016,Bagno Gallia 287,"Piazzale Torino, 48015 Milano Marittima RA, Italia",Milano Marittima,RA,Emilia-Romagna,44.2833037,12.3515451,2,PRED,lat/lng to be filled via overrides/geocoding pipeline.
BR-RA-MIMA-017,Flamingo beach .283,"Lungomare MiMa 283, 48015 Milano Marittima RA, Italia",Milano Marittima,RA,Emilia-Romagna,44.2823171,12.3519447,2,PRED,lat/lng to be filled via overrides/geocoding pipeline.
BR-RA-MIMA-018,Papeete Beach,"Via III Traversa 281, 48015 Milano Marittima RA, Italia",Milano Marittima,RA,Emilia-Romagna,44.2816929,12.3521182,2,PRED,lat/lng to be filled via overrides/geocoding pipeline.
BR-RA-MIMA-019,Bagno Rouge 280,"Via III Traversa 26, 48015 Milano Marittima RA, Italia",Milano Marittima,RA,Emilia-Romagna,44.2813145,12.3522253,2,PRED,lat/lng to be filled via overrides/geocoding pipeline.
BR-RA-MIMA-020,Corallo Beach .279,"Viale 2a Traversa 279, 48015 Milano Marittima RA, Italia",Milano Marittima,RA,Emilia-Romagna,44.2811056,12.3524274,2,PRED,lat/lng to be filled via overrides/geocoding pipeline.
BR-RA-MIMA-021,Bicio Papao .276,"Viale Spalato 276, 48015 Cervia RA, Italia",Cervia,RA,Emilia-Romagna,44.2798486,12.352992,2,PRED,lat/lng to be filled via overrides/geocoding pipeline.
BR-RA-MIMA-022,Club Milano .273,"Viale Spalato 273, 48015 Cervia RA, Italia",Cervia,RA,Emilia-Romagna,44.2791311,12.3531779,2,PRED,lat/lng to be filled via overrides/geocoding pipeline.
BR-RA-MIMA-023,Mi.Ma. Beach .272,"Lungomare MiMa 272, 48015 Milano Marittima RA, Italia",Milano Marittima,RA,Emilia-Romagna,44.278805,12.3531846,2,PRED,lat/lng to be filled via overrides/geocoding pipeline.
BR-RA-MIMA-024,Albacore .271,"Lungomare MiMa 271, 48015 Milano Marittima RA, Italia",Milano Marittima,RA,Emilia-Romagna,44.2785706,12.3529579,2,PRED,lat/lng to be filled via overrides/geocoding pipeline.
BR-RA-MIMA-025,Roma .269,"Viale Forlì, 48015 Cervia RA, Italia",Cervia,RA,Emilia-Romagna,44.2781366,12.3533353,2,PRED,lat/lng to be filled via overrides/geocoding pipeline.
BR-RA-MIMA-026,Spiaggia Centrale [libera],"Lungomare MiMa 268, 48015 Milano Marittima RA, Italia",Milano Marittima,RA,Emilia-Romagna,44.2778624,12.3532754,2,PRED,lat/lng to be filled via overrides/geocoding pipeline.
BR-RA-MIMA-027,Zefiro 268 - Ristorante e Spiaggia,"Viale Forlì 268, 48015 Milano Marittima RA, Italia",Milano Marittima,RA,Emilia-Romagna,44.2776404,12.3531474,2,PRED,lat/lng to be filled via overrides/geocoding pipeline.
BR-RA-MIMA-028,Margò Beach 266,"Via Zara 266, 48015 Milano Marittima RA, Italia",Milano Marittima,RA,Emilia-Romagna,44.2771687,12.3535234,2,PRED,lat/lng to be filled via overrides/geocoding pipeline.
BR-RA-MIMA-029,La Barcaccia .265,"Lungomare MiMa 265, 48015 Milano Marittima RA, Italia",Milano Marittima,RA,Emilia-Romagna,44.2769648,12.35346,2,PRED,lat/lng to be filled via overrides/geocoding pipeline.
BR-RA-MIMA-030,Adriatico .263,"Lungomare MiMa 263, 48015 Milano Marittima RA, Italia",Milano Marittima,RA,Emilia-Romagna,44.2764147,12.3536336,2,PRED,lat/lng to be filled via overrides/geocoding pipeline.
BR-RA-MIMA-031,Tonino .262,"Lungomare MiMa 262, 48015 Milano Marittima RA, Italia",Milano Marittima,RA,Emilia-Romagna,44.2761351,12.3538365,2,PRED,lat/lng to be filled via overrides/geocoding pipeline.
BR-RA-MIMA-032,Bagno Giulianini 260,"Viale Luigi Cadorna 260, 48015 Cervia RA, Italia",Cervia,RA,Emilia-Romagna,44.2756638,12.3536083,2,PRED,lat/lng to be filled via overrides/geocoding pipeline.
BR-RA-MIMA-033,Casta Beach .259,"Lungomare MiMa 259, 48015 Milano Marittima RA, Italia",Milano Marittima,RA,Emilia-Romagna,44.275569,12.3538427,2,PRED,lat/lng to be filled via overrides/geocoding pipeline.
BR-RA-MIMA-034,Spiaggia Milano Marittima,"48015 Milano Marittima RA, Italia",Milano Marittima,RA,Emilia-Romagna,44.275002,12.3551196,2,PRED,lat/lng to be filled via overrides/geocoding pipeline.
BR-RA-MIMA-035,Enzo Malusi .258 by fam. Alessandrini,"Arenile Demaniale/ Viale Enrico Toti 258, 48015 Milano Marittima RA, Italia",Milano Marittima,RA,Emilia-Romagna,44.2747034,12.3545179,2,PRED,lat/lng to be filled via overrides/geocoding pipeline.
BR-RA-MIMA-036,Umberto Beach .254,"Viale F. Baracca 254, 48015 Cervia RA, Italia",Cervia,RA,Emilia-Romagna,44.273693,12.3547725,2,PRED,lat/lng to be filled via overrides/geocoding pipeline.
BR-RA-MIMA-037,Bagno Oreste,"Via Arenile Demaniale 250, 48015 Milano Marittima RA, Italia",Milano Marittima,RA,Emilia-Romagna,44.2727852,12.3549255,2,PRED,lat/lng to be filled via overrides/geocoding pipeline.
BR-RA-MIMA-038,MarePineta • Beach Club & Ristorante,"Lungomare MiMa 248, 48015 Milano Marittima RA, Italia",Milano Marittima,RA,Emilia-Romagna,44.2719823,12.355595,2,PRED,lat/lng to be filled via overrides/geocoding pipeline.
BR-RA-CERVIA-001,Le Saline Beach 237,"Via Arrigo Boito, 48015 Cervia RA, Italia",Cervia,RA,Emilia-Romagna,44.2688262,12.3569985,2,PRED,lat/lng to be filled via overrides/geocoding pipeline.
BR-RA-CERVIA-002,Bagno Sorriso 228,"Lungomare Gabriele D'Annunzio 228, 48015 Cervia RA, Italia",Cervia,RA,Emilia-Romagna,44.2661661,12.3579221,2,PRED,lat/lng to be filled via overrides/geocoding pipeline.
BR-RA-CERVIA-003,cerviAmare 222-226,"Lungomare Gabriele D'Annunzio 222/226, 48015 Cervia RA, Italia",Cervia,RA,Emilia-Romagna,44.2651918,12.3581564,2,PRED,lat/lng to be filled via overrides/geocoding pipeline.
BR-RA-CERVIA-004,Simple 205,"Lungomare Grazia Deledda 205, 48015 Cervia RA, Italia",Cervia,RA,Emilia-Romagna,44.2612963,12.3602393,2,PRED,lat/lng to be filled via overrides/geocoding pipeline.
BR-RA-CERVIA-005,Sarabi Beach,"Lungomare Grazia Deledda 203, 48015 Cervia RA, Italia",Cervia,RA,Emilia-Romagna,44.2609088,12.3604105,2,PRED,lat/lng to be filled via overrides/geocoding pipeline.
BR-RA-CERVIA-006,Bagno Anna Cervia,"Lungomare Grazia Deledda 199, 48015 Cervia RA, Italia",Cervia,RA,Emilia-Romagna,44.2601379,12.3607697,2,PRED,lat/lng to be filled via overrides/geocoding pipeline.
BR-RA-CERVIA-007,Oba Oba Beach .194,"Lungomare Grazia Deledda 194, 48015 Cervia RA, Italia",Cervia,RA,Emilia-Romagna,44.25904,12.3611307,2,PRED,lat/lng to be filled via overrides/geocoding pipeline.
BR-RA-CERVIA-008,Spiaggia libera di Cervia,"Lungomare Grazia Deledda 38, 48015 Cervia RA, Italia",Cervia,RA,Emilia-Romagna,44.2585236,12.3617176,2,PRED,lat/lng to be filled via overrides/geocoding pipeline.
BR-RA-CERVIA-009,IronMan start,"48015 Cervia RA, Italia",Cervia,RA,Emilia-Romagna,44.2572644,12.3628227,2,PRED,lat/lng to be filled via overrides/geocoding pipeline.
BR-RA-CERVIA-010,Bagno Marco N. 184,"Lungomare Grazia Deledda 184, 48015 Cervia RA, Italia",Cervia,RA,Emilia-Romagna,44.2561595,12.3627027,2,PRED,lat/lng to be filled via overrides/geocoding pipeline.
BR-RA-CERVIA-011,Fantini Club,"Lungomare Grazia Deledda 182, 48015 Cervia RA, Italia",Cervia,RA,Emilia-Romagna,44.2553863,12.3633813,2,PRED,lat/lng to be filled via overrides/geocoding pipeline.
BR-RA-CERVIA-012,Bagno Romagnolo,"Lungomare Grazia Deledda 173, 48015 Cervia RA, Italia",Cervia,RA,Emilia-Romagna,44.2534479,12.3640223,2,PRED,lat/lng to be filled via overrides/geocoding pipeline.
BR-RA-CERVIA-013,Bagno 169,"Lungomare Grazia Deledda 170, 48015 Cervia RA, Italia",Cervia,RA,Emilia-Romagna,44.2530084,12.3644282,2,PRED,lat/lng to be filled via overrides/geocoding pipeline.
BR-RA-CERVIA-014,Bagno Jacarè,"Lungomare Grazia Deledda 167, 48015 Cervia RA, Italia",Cervia,RA,Emilia-Romagna,44.2527391,12.3645927,2,PRED,lat/lng to be filled via overrides/geocoding pipeline.
BR-RA-CERVIA-015,Isola 159,"Lungomare Grazia Deledda 159/b, 48015 Cervia RA, Italia",Cervia,RA,Emilia-Romagna,44.2512501,12.3653573,2,PRED,lat/lng to be filled via overrides/geocoding pipeline.
BR-RA-CERVIA-016,Bagno Balmor 156,"Lungomare Grazia Deledda 156, 48015 Cervia RA, Italia",Cervia,RA,Emilia-Romagna,44.25057,12.365804,2,PRED,lat/lng to be filled via overrides/geocoding pipeline.
BR-RA-CERVIA-017,Saretina 152,"Lungomare Grazia Deledda 152, 48015 Cervia RA, Italia",Cervia,RA,Emilia-Romagna,44.2499722,12.3660464,2,PRED,lat/lng to be filled via overrides/geocoding pipeline.
BR-RA-CERVIA-018,Medusa Beach 146 Cervia,"Lungomare Grazia Deledda 146, 48015 Cervia RA, Italia",Cervia,RA,Emilia-Romagna,44.2488638,12.366702,2,PRED,lat/lng to be filled via overrides/geocoding pipeline.
BR-RA-CERVIA-019,spiaggia libera,"Via Arenile Demaniale 127, 48015 Cervia RA, Italia",Cervia,RA,Emilia-Romagna,44.2467183,12.368316,2,PRED,lat/lng to be filled via overrides/geocoding pipeline.
BR-RA-CERVIA-020,Bagno Delfino,"Via Arenile Demaniale 127-131, 48015 Cervia RA, Italia",Cervia,RA,Emilia-Romagna,44.2458754,12.3686022,2,PRED,lat/lng to be filled via overrides/geocoding pipeline.
BR-RA-CERVIA-021,Bagno Paola,"Via Arenile Demaniale 126, 48015 Cervia RA, Italia",Cervia,RA,Emilia-Romagna,44.2453351,12.3689351,2,PRED,lat/lng to be filled via overrides/geocoding pipeline.
BR-RA-CERVIA-022,Bagno Vittorio 124,"Via Arenile Demaniale 124, 48015 Cervia RA, Italia",Cervia,RA,Emilia-Romagna,44.244704,12.3692855,2,PRED,lat/lng to be filled via overrides/geocoding pipeline.
BR-RA-CERVIA-023,Bagno Pineta 120,"Via Arenile Demaniale 93, 48015 Cervia RA, Italia",Cervia,RA,Emilia-Romagna,44.2435969,12.3701926,2,PRED,lat/lng to be filled via overrides/geocoding pipeline.
BR-RA-CERVIA-024,Bagno Sole Pinarella,"Viale Italia, 48015 Pinarella RA",Pinarella,RA,Emilia-Romagna,44.2426075,12.3708471,2,PRED,lat/lng to be filled via overrides/geocoding pipeline.
BR-RA-CERVIA-025,Adriasol Spiaggia 111,"Via Arenile Demaniale 85/86, 48015 Cervia RA, Italia",Cervia,RA,Emilia-Romagna,44.2419037,12.3714275,2,PRED,lat/lng to be filled via overrides/geocoding pipeline.
BR-RA-CERVIA-026,Bagno Andreucci Beach 107,"Via Arenile Demaniale, 48015 Pinarella di Cervia RA, Italia",Pinarella di Cervia,RA,Emilia-Romagna,44.2411245,12.3717831,2,PRED,lat/lng to be filled via overrides/geocoding pipeline.
BR-RA-CERVIA-027,Bagno Anna 95,"Via Arenile Demaniale 95, 48015 Cervia RA, Italia",Cervia,RA,Emilia-Romagna,44.2394073,12.3729076,2,PRED,lat/lng to be filled via overrides/geocoding pipeline.
BR-RA-CERVIA-028,Bagno Palm Beach 87/88,"Via Arenile Demaniale 87, 48015 Cervia RA, Italia",Cervia,RA,Emilia-Romagna,44.237872,12.3738113,2,PRED,lat/lng to be filled via overrides/geocoding pipeline.
BR-RA-CERVIA-029,Spiaggia Margherita 85-86,"Via Arenile Demaniale, 48015 Cervia RA, Italia",Cervia,RA,Emilia-Romagna,44.2374271,12.3741083,2,PRED,lat/lng to be filled via overrides/geocoding pipeline.
BR-RA-CERVIA-030,Tre Stelle 80,"Via Arenile Demaniale 80, 48015 RA, Italia",RA,RA,Emilia-Romagna,44.2366919,12.374708,2,PRED,lat/lng to be filled via overrides/geocoding pipeline.
BR-RA-CERVIA-031,Bagno Settebello Nr.76,"Via Arenile Demaniale 76, 48015 Cervia RA, Italia",Cervia,RA,Emilia-Romagna,44.236078,12.3750665,2,PRED,lat/lng to be filled via overrides/geocoding pipeline.
BR-RA-CERVIA-032,Bagno Franco,"viale Italia 70/71 48015 Pinarella di, 48015 Cervia RA",Cervia,RA,Emilia-Romagna,44.2351799,12.3756304,2,PRED,lat/lng to be filled via overrides/geocoding pipeline.
BR-RA-CERVIA-033,Bagno Oasi 67,"Viale Italia 67, 48015 Cervia RA",Cervia,RA,Emilia-Romagna,44.2344422,12.3761565,2,PRED,lat/lng to be filled via overrides/geocoding pipeline.
BR-RA-CERVIA-034,Bagno Mediterraneo 65,"Via Arenile Demaniale 65, 48015 Cervia RA, Italia",Cervia,RA,Emilia-Romagna,44.2343026,12.3764824,2,PRED,lat/lng to be filled via overrides/geocoding pipeline.
BR-RA-CERVIA-035,Vanilla Beach,"Via Arenile Demaniale 60/61, 48015 Cervia RA, Italia",Cervia,RA,Emilia-Romagna,44.2336122,12.3766343,2,PRED,lat/lng to be filled via overrides/geocoding pipeline.
BR-RA-CERVIA-036,Stabilimento Balneare Aeronautica Militare,"Via Arenile Demaniale 14, 48015 Tagliata di Cervia RA, Italia",Tagliata di Cervia,RA,Emilia-Romagna,44.226667,12.3817712,2,PRED,lat/lng to be filled via overrides/geocoding pipeline.
BR-RA-CERVIA-037,Bagno Jolly 16,"Via Arenile Demaniale 15, 48015 Tagliata di Cervia RA, Italia",Tagliata di Cervia,RA,Emilia-Romagna,44.2272432,12.3814705,2,PRED,lat/lng to be filled via overrides/geocoding pipeline.
BR-RA-CERVIA-038,Bagno Primavera n.26,"48015 Cervia RA, Italia",Cervia,RA,Emilia-Romagna,44.2285501,12.380308,2,PRED,lat/lng to be filled via overrides/geocoding pipeline.
BR-RA-CERVIA-039,KalypsoBeach 29,"48015 Cervia RA, Italia",Cervia,RA,Emilia-Romagna,44.2289658,12.3800536,2,PRED,lat/lng to be filled via overrides/geocoding pipeline.
BR-RA-CERVIA-040,Bagno Danico 39-40,"Viale Italia 328, 48015 Cervia RA",Cervia,RA,Emilia-Romagna,44.230347,12.3789844,2,PRED,lat/lng to be filled via overrides/geocoding pipeline.
BR-RA-CERVIA-041,Bagno 59 Pinarella di Cervia,"Via Arenile Demaniale 59, 48015 Cervia RA, Italia",Cervia,RA,Emilia-Romagna,44.2333697,12.3765724,2,PRED,lat/lng to be filled via overrides/geocoding pipeline.
BR-SI-CTTAO-001,Le Capannine,"Viale Presidente Kennedy 93, 95100 Catania CT, Italia",Catania,CT,Sicilia,37.4430254,15.0863957,2,PRED,lat/lng to be filled via overrides/geocoding pipeline.
BR-SI-CTTAO-002,Lido tempo libero,"Viale Presidente Kennedy, 95121 Catania CT, Italia",Catania,CT,Sicilia,37.4464264,15.0852776,2,PRED,lat/lng to be filled via overrides/geocoding pipeline.
BR-SI-CTTAO-003,Lido Delfino,"Viale Presidente Kennedy 91, 95121 Catania CT, Italia",Catania,CT,Sicilia,37.4469146,15.0858659,2,PRED,lat/lng to be filled via overrides/geocoding pipeline.
BR-SI-CTTAO-004,Lido America,"Viale Presidente Kennedy 89, 95121 Catania CT, Italia",Catania,CT,Sicilia,37.4485848,15.08595,2,PRED,lat/lng to be filled via overrides/geocoding pipeline.
BR-SI-CTTAO-005,LIDO NIKI VILLAGE,"Viale Presidente Kennedy 87, 95121 Catania CT, Italia",Catania,CT,Sicilia,37.4496269,15.0860042,2,PRED,lat/lng to be filled via overrides/geocoding pipeline.
BR-SI-CTTAO-006,Lido Jolly,"Viale Presidente Kennedy 85, 95121 Catania CT, Italia",Catania,CT,Sicilia,37.4509353,15.0854768,2,PRED,lat/lng to be filled via overrides/geocoding pipeline.
BR-SI-CTTAO-007,Lido Internazionale,"Viale Presidente Kennedy 83, 95121 Catania CT, Italia",Catania,CT,Sicilia,37.4541373,15.0854087,2,PRED,lat/lng to be filled via overrides/geocoding pipeline.
BR-SI-CTTAO-008,Lido Roma,"Viale Presidente Kennedy 77, 95121 Catania CT, Italia",Catania,CT,Sicilia,37.4552197,15.085349,2,PRED,lat/lng to be filled via overrides/geocoding pipeline.
BR-SI-CTTAO-009,LIDO ALKAMAR,"Viale Presidente Kennedy 75, 95121 Catania CT, Italia",Catania,CT,Sicilia,37.4560445,15.0853973,2,PRED,lat/lng to be filled via overrides/geocoding pipeline.
BR-SI-CTTAO-010,LIDO VENERE,"Viale Presidente Kennedy 73, 95121 Catania CT, Italia",Catania,CT,Sicilia,37.4578133,15.0844033,2,PRED,lat/lng to be filled via overrides/geocoding pipeline.
BR-SI-CTTAO-011,Circolo La Pineta,"Viale Presidente Kennedy 71, 95121 Catania CT, Italia",Catania,CT,Sicilia,37.4587863,15.084313,2,PRED,lat/lng to be filled via overrides/geocoding pipeline.
BR-SI-CTTAO-012,Lido Etna di Marino Maria Grazia & C Sas,"Viale Presidente Kennedy 69, 95121 Catania CT, Italia",Catania,CT,Sicilia,37.4600415,15.0849444,2,PRED,lat/lng to be filled via overrides/geocoding pipeline.
BR-SI-CTTAO-013,Lido Europa,"Viale Presidente Kennedy 65, 95121 Catania CT, Italia",Catania,CT,Sicilia,37.4616677,15.0840554,2,PRED,lat/lng to be filled via overrides/geocoding pipeline.
BR-SI-CTTAO-014,Lido Le Palme,"Viale Presidente Kennedy, 95121 Catania CT, Italia",Catania,CT,Sicilia,37.46225769999999,15.0848697,2,PRED,lat/lng to be filled via overrides/geocoding pipeline.
BR-SI-CTTAO-015,Lido Il Ciclope,"Viale Presidente Kennedy 59A, 95121 Catania CT, Italia",Catania,CT,Sicilia,37.4628953,15.0850039,2,PRED,lat/lng to be filled via overrides/geocoding pipeline.
BR-SI-CTTAO-016,Lido Polifemo,"Viale Presidente Kennedy 59, 95121 Catania CT, Italia",Catania,CT,Sicilia,37.4636999,15.0838741,2,PRED,lat/lng to be filled via overrides/geocoding pipeline.
BR-SI-CTTAO-017,Lido SableSalè ~ Your Summer Experience,"Viale Presidente Kennedy 57/A, 95121 Catania CT, Italia",Catania,CT,Sicilia,37.4641616,15.0852269,2,PRED,lat/lng to be filled via overrides/geocoding pipeline.
BR-SI-CTTAO-018,Beteyà Parco Avventura Inclusivo,"Viale Presidente Kennedy 55, 95121 Catania CT, Italia",Catania,CT,Sicilia,37.4655276,15.0840127,2,PRED,lat/lng to be filled via overrides/geocoding pipeline.
BR-SI-CTTAO-019,Lido Colonia don Bosco,"Viale Presidente Kennedy 55, 95121 Catania CT, Italia",Catania,CT,Sicilia,37.4665275,15.0850949,2,PRED,lat/lng to be filled via overrides/geocoding pipeline.
BR-SI-CTTAO-020,Lido Cled,"Viale Kennedy 53A, 95121 Catania CT, Italia",Catania,CT,Sicilia,37.4680715,15.0849787,2,PRED,lat/lng to be filled via overrides/geocoding pipeline.
BR-SI-CTTAO-021,Le Piramidi Beach,"Viale Presidente Kennedy 45, 95121 Catania CT, Italia",Catania,CT,Sicilia,37.4722671,15.084486,2,PRED,lat/lng to be filled via overrides/geocoding pipeline.
BR-SI-CTTAO-022,Lido Belvedere,"Viale Presidente Kennedy 41, 95121 Catania CT, Italia",Catania,CT,Sicilia,37.4734278,15.0838824,2,PRED,lat/lng to be filled via overrides/geocoding pipeline.
BR-SI-CTTAO-023,Lido Aurora,"Viale Presidente Kennedy 37/A, 95121 Catania CT, Italia",Catania,CT,Sicilia,37.4745738,15.0841884,2,PRED,lat/lng to be filled via overrides/geocoding pipeline.
BR-SI-CTTAO-024,Lido Excelsior Srl,"Viale Presidente Kennedy 35, 95121 Catania CT, Italia",Catania,CT,Sicilia,37.4755973,15.0843925,2,PRED,lat/lng to be filled via overrides/geocoding pipeline.
BR-SI-CTTAO-025,Lido Verde,"Viale Presidente Kennedy 33, 95121 Catania CT, Italia",Catania,CT,Sicilia,37.4766104,15.084347,2,PRED,lat/lng to be filled via overrides/geocoding pipeline.
BR-SI-CTTAO-026,Lido Aeronautica Militare 41° Stormo,"Viale Presidente Kennedy 25, 95121 Catania CT, Italia",Catania,CT,Sicilia,37.4782422,15.0836656,2,PRED,lat/lng to be filled via overrides/geocoding pipeline.
BR-SI-CTTAO-027,LIDO DEL FINANZIERE,"Viale Presidente Kennedy 23, 95121 Catania CT, Italia",Catania,CT,Sicilia,37.4785669,15.0837967,2,PRED,lat/lng to be filled via overrides/geocoding pipeline.
BR-SI-CTTAO-028,Lido Sud Express,"Viale Presidente Kennedy 23, 95121 Catania CT, Italia",Catania,CT,Sicilia,37.478837,15.0837249,2,PRED,lat/lng to be filled via overrides/geocoding pipeline.
BR-SI-CTTAO-029,Lido Arcobaleno,"Viale Presidente Kennedy 19, 95121 Catania CT, Italia",Catania,CT,Sicilia,37.4799482,15.0839182,2,PRED,lat/lng to be filled via overrides/geocoding pipeline.
BR-SI-CTTAO-030,Lido Grotta Smeralda,"Via Antonello da Messina 11, 95021 Aci Castello CT, Italia",Aci Castello,CT,Sicilia,37.5409716,15.1344156,2,PRED,lat/lng to be filled via overrides/geocoding pipeline.
BR-SI-CTTAO-031,Esagono Beach Club,"Via Antonello da Messina 46, 95021 Catania CT, Italia",Catania,CT,Sicilia,37.5424652,15.1391316,2,PRED,lat/lng to be filled via overrides/geocoding pipeline.
BR-SI-CTTAO-032,Lido La Giunca,"Lungomare Scardamiano 67, 95021 Aci Castello CT, Italia",Aci Castello,CT,Sicilia,37.5587084,15.1531015,2,PRED,lat/lng to be filled via overrides/geocoding pipeline.
BR-SI-CTTAO-033,Lido dei Ciclopi - Gli Ulivi S.P.A.,"Via Provinciale 2, 95021 Aci Castello CT, Italia",Aci Castello,CT,Sicilia,37.5604267,15.1567464,2,PRED,lat/lng to be filled via overrides/geocoding pipeline.
BR-SI-CTTAO-034,Bellatrix Club,"Via Acicastello 38/40, 95126 Catania CT, Italia",Catania,CT,Sicilia,37.5349541,15.1254752,2,PRED,lat/lng to be filled via overrides/geocoding pipeline.
BR-SI-CTTAO-035,Lido Aldebaran,"Via Privata Dei Villini Sul Mare 34, 95126 Catania CT, Italia",Catania,CT,Sicilia,37.534425,15.1223871,2,PRED,lat/lng to be filled via overrides/geocoding pipeline.
BR-SI-CTTAO-036,Lido Tao Beach Club,"Via Nazionale 175, 98039 Taormina ME, Italia",Taormina,ME,Sicilia,37.8638279,15.2964961,2,PRED,lat/lng to be filled via overrides/geocoding pipeline.
BR-SI-CTTAO-037,Lido Spisone,"Via Nazionale 167, 98039 Taormina ME, Italia",Taormina,ME,Sicilia,37.8598964,15.2966162,2,PRED,lat/lng to be filled via overrides/geocoding pipeline.
BR-SI-CTTAO-038,Spiaggia di Mazzarò,Italia,,,Sicilia,37.8555727,15.3012438,2,PRED,lat/lng to be filled via overrides/geocoding pipeline.
BR-SI-CTTAO-039,Spiaggia di Isola Bella,"Via Nazionale 109, 98039 Taormina ME, Italia",Taormina,ME,Sicilia,37.8510772,15.2995841,2,PRED,lat/lng to be filled via overrides/geocoding pipeline.
BR-SI-CTTAO-040,Lorenzina Beach Club Taormina,"Via Nazionale 35, 98039 Villagonia ME, Italia",Villagonia,ME,Sicilia,37.8476606,15.285912,2,PRED,lat/lng to be filled via overrides/geocoding pipeline.
BR-RN-RIC-001,Le Dune Beach,"Piazzale S.Allende, 47838 Riccione RN, Italia",Riccione,RN,Emilia-Romagna,44.0229275,12.6338879,2,PRED,lat/lng to be filled via overrides/geocoding pipeline.
BR-RN-RIC-002,Hyper Beach Riccione,"Viale D'Annunzio Spiaggia 138, 47838 Riccione RN, Italia",Riccione,RN,Emilia-Romagna,44.0210534,12.6362829,2,PRED,lat/lng to be filled via overrides/geocoding pipeline.
BR-RN-RIC-003,Mojito Spiaggia,"Passeggiata Goethe 52, 47838 Riccione RN, Italia",Riccione,RN,Emilia-Romagna,44.0200339,12.6376743,2,PRED,lat/lng to be filled via overrides/geocoding pipeline.
BR-RN-RIC-004,Opèra Beach Club,"Passeggiata Johann Wolfgang Von Goethe 46, 47838 Riccione RN, Italia",Riccione,RN,Emilia-Romagna,44.019452,12.6386869,2,PRED,lat/lng to be filled via overrides/geocoding pipeline.
BR-RN-RIC-005,Samsara Beach Riccione,"Viale Gabriele D'Annunzio 150, 47838 Riccione RN, Italia",Riccione,RN,Emilia-Romagna,44.0189821,12.6391231,2,PRED,lat/lng to be filled via overrides/geocoding pipeline.
BR-RN-RIC-006,Spiaggia129 BeachClub,"Passeggiata Goethe, 47838 Riccione RN, Italia",Riccione,RN,Emilia-Romagna,44.0186895,12.6399049,2,PRED,lat/lng to be filled via overrides/geocoding pipeline.
BR-RN-RIC-007,Spiaggia 130 131 Riccione,"Viale Edmondo de Amicis, 47838 Riccione RN, Italia",Riccione,RN,Emilia-Romagna,44.0183398,12.6401528,2,PRED,lat/lng to be filled via overrides/geocoding pipeline.
BR-RN-RIC-008,Spiaggia 128 Riccione,"Via Massimo d'Azeglio, 47838 Riccione RN, Italia",Riccione,RN,Emilia-Romagna,44.0177834,12.6408818,2,PRED,lat/lng to be filled via overrides/geocoding pipeline.
BR-RN-RIC-009,Bagno Nello 125,"Viale D'Annunzio 125, 47838 Riccione RN, Italia",Riccione,RN,Emilia-Romagna,44.0171323,12.6419638,2,PRED,lat/lng to be filled via overrides/geocoding pipeline.
BR-RN-RIC-010,Le Oasi 123 124 Riccione,"Piazzale Aldo Moro, 47838 Riccione RN, Italia",Riccione,RN,Emilia-Romagna,44.0165583,12.6420992,2,PRED,lat/lng to be filled via overrides/geocoding pipeline.
BR-RN-RIC-011,Bagni Nettuno 122A,"Passeggiata Goethe zona 122A, 47838 Riccione RN, Italia",Riccione,RN,Emilia-Romagna,44.0159641,12.6431923,2,PRED,lat/lng to be filled via overrides/geocoding pipeline.
BR-RN-RIC-012,Bagni 122 Bluemarine,"Viale Gabriele D'Annunzio 112, 47838 Riccione RN, Italia",Riccione,RN,Emilia-Romagna,44.0156922,12.6434874,2,PRED,lat/lng to be filled via overrides/geocoding pipeline.
BR-RN-RIC-013,Spiaggia 121,"Viale Gabriele D'Annunzio 106, 47838 Riccione RN, Italia",Riccione,RN,Emilia-Romagna,44.0152305,12.6442403,2,PRED,lat/lng to be filled via overrides/geocoding pipeline.
BR-RN-RIC-014,Bagni 120 Riccione,"Via G. Verga, 47838 Riccione RN, Italia",Riccione,RN,Emilia-Romagna,44.0151014,12.6445235,2,PRED,lat/lng to be filled via overrides/geocoding pipeline.
BR-RN-RIC-015,Bagni Luciano 119,"Viale Petrarca, 47838 Riccione RN, Italia",Riccione,RN,Emilia-Romagna,44.0147399,12.6449813,2,PRED,lat/lng to be filled via overrides/geocoding pipeline.
BR-RN-RIC-016,118 La Dolce Vita,"Via U. Foscolo, 47838 Riccione RN, Italia",Riccione,RN,Emilia-Romagna,44.0145036,12.6452281,2,PRED,lat/lng to be filled via overrides/geocoding pipeline.
BR-RN-RIC-017,Bagno 117 Alba D'Oro,"Viale V. Alfieri, 47838 Riccione RN, Italia",Riccione,RN,Emilia-Romagna,44.01424,12.645617,2,PRED,lat/lng to be filled via overrides/geocoding pipeline.
BR-RN-RIC-018,Bagni Elio zona 116,"Viale Enza 5, 47838 Riccione RN, Italia",Riccione,RN,Emilia-Romagna,44.0139692,12.645982,2,PRED,lat/lng to be filled via overrides/geocoding pipeline.
BR-RN-RIC-019,Bagni Oreste zona 115,"Viale G. Mameli, 47838 Riccione RN, Italia",Riccione,RN,Emilia-Romagna,44.013658,12.6464509,2,PRED,lat/lng to be filled via overrides/geocoding pipeline.
BR-RN-RIC-020,𝑩𝒂𝒈𝒏𝒊 𝑵𝒐𝒗𝒆𝒍𝒍𝒂 𝟏𝟏𝟒 𝑹𝒊𝒄𝒄𝒊𝒐𝒏𝒆,"Viale Claudio Monteverdi, 47838 Riccione RN, Italia",Riccione,RN,Emilia-Romagna,44.0134597,12.6468895,2,PRED,lat/lng to be filled via overrides/geocoding pipeline.
BR-RN-RIC-021,Bagni Azzurra 113,"Viale Claudio Monteverdi 130, 47838 Riccione RN, Italia",Riccione,RN,Emilia-Romagna,44.013051,12.6470923,2,PRED,lat/lng to be filled via overrides/geocoding pipeline.
BR-RN-RIC-022,Unounodue Beach Bagni 112,"Lungomare Costituzione 112, 47838 Riccione RN, Italia",Riccione,RN,Emilia-Romagna,44.0129248,12.6474386,2,PRED,lat/lng to be filled via overrides/geocoding pipeline.
BR-RN-RIC-023,Bagni Alfredo 111,"Piazzale Azzarita 111, 47838 Riccione RN, Italia",Riccione,RN,Emilia-Romagna,44.0127429,12.6478152,2,PRED,lat/lng to be filled via overrides/geocoding pipeline.
BR-RN-RIC-024,Bagni Giorgio 110 La Spiaggia Del Cuore,"Piazzale Azzarita 110, 47838 Riccione RN, Italia",Riccione,RN,Emilia-Romagna,44.0122173,12.6485012,2,PRED,lat/lng to be filled via overrides/geocoding pipeline.
BR-RN-RIC-025,Playa del Sol 108-109 | Riccione,"Lungomare Costituzione 58, 47838 Riccione RN, Italia",Riccione,RN,Emilia-Romagna,44.0119288,12.6490999,2,PRED,lat/lng to be filled via overrides/geocoding pipeline.
BR-RN-RIC-026,Spiaggia 107,"Lungomare Costituzione, 47838 Riccione RN, Italia",Riccione,RN,Emilia-Romagna,44.0112739,12.6498273,2,PRED,lat/lng to be filled via overrides/geocoding pipeline.
BR-RN-RIC-027,Bagno 106 Paola,"Lungomare Costituzione, 47838 Riccione RN, Italia",Riccione,RN,Emilia-Romagna,44.0111141,12.6500566,2,PRED,lat/lng to be filled via overrides/geocoding pipeline.
BR-RN-RIC-028,Spiaggia Del Benessere 105,"Lungomare Costituzione, 47838 Riccione RN, Italia",Riccione,RN,Emilia-Romagna,44.0109107,12.6504425,2,PRED,lat/lng to be filled via overrides/geocoding pipeline.
BR-RN-RIC-029,Bagno 104 - Rino E Ivo,"Lungomare Costituzione, 47838 Riccione RN, Italia",Riccione,RN,Emilia-Romagna,44.010646,12.650726,2,PRED,lat/lng to be filled via overrides/geocoding pipeline.
BR-RN-RIC-030,Lido delle Sirene 101-102,"Lungomare Costituzione 21, 47838 Riccione RN, Italia",Riccione,RN,Emilia-Romagna,44.0101203,12.6515188,2,PRED,lat/lng to be filled via overrides/geocoding pipeline.
BR-RN-RIC-031,Original Beach 100 3x3beachcaffè,"Lungomare Costituzione 100, 47838 Riccione RN, Italia",Riccione,RN,Emilia-Romagna,44.0096671,12.6521377,2,PRED,lat/lng to be filled via overrides/geocoding pipeline.
BR-RN-RIC-032,Bagni Rina 99,"Lungomare Costituzione 2, 47838 Riccione RN, Italia",Riccione,RN,Emilia-Romagna,44.0094363,12.6526591,2,PRED,lat/lng to be filled via overrides/geocoding pipeline.
BR-RN-RIC-033,Bagni Carla 98 S.a.s. Di Mazzotti Fabrizio E C.,"Lungomare Costituzione 98, 47838 Riccione RN, Italia",Riccione,RN,Emilia-Romagna,44.0092832,12.6527965,2,PRED,lat/lng to be filled via overrides/geocoding pipeline.
BR-RN-RIC-034,Spiaggia Riccione Pet Friendly Beach - La Spiaggia delle Donne,"Lungomare Costituzione 97, 47838 Riccione RN, Italia",Riccione,RN,Emilia-Romagna,44.0089554,12.6532121,2,PRED,lat/lng to be filled via overrides/geocoding pipeline.
BR-RN-RIC-035,Spiaggia 95 Marco - Riccione,"Lungomare Costituzione 95, 47838 Riccione RN, Italia",Riccione,RN,Emilia-Romagna,44.008554,12.6538523,2,PRED,lat/lng to be filled via overrides/geocoding pipeline.
BR-RN-RIC-036,Spiaggia Battarra & Settimio - 94,"Lungomare Costituzione, 47838 Riccione RN, Italia",Riccione,RN,Emilia-Romagna,44.0078415,12.6548275,2,PRED,lat/lng to be filled via overrides/geocoding pipeline.
BR-RN-RIC-037,Bagni 92 Luigi e Karin,"Lungomare Costituzione, 47838 Riccione RN, Italia",Riccione,RN,Emilia-Romagna,44.0075944,12.6552377,2,PRED,lat/lng to be filled via overrides/geocoding pipeline.
BR-RN-RIC-038,Spiaggia 91 Con Piscina,"Lungomare Costituzione, 47838 Riccione RN, Italia",Riccione,RN,Emilia-Romagna,44.0073452,12.6555166,2,PRED,lat/lng to be filled via overrides/geocoding pipeline.
BR-RN-RIC-039,Spiaggia 90,"Piazzale Del Porto 3, 47838 Riccione RN, Italia",Riccione,RN,Emilia-Romagna,44.0064891,12.6575679,2,PRED,lat/lng to be filled via overrides/geocoding pipeline.
BR-RN-RIC-040,Spiaggia Le Palme,"Lungomare della Libertà, 47838 Riccione RN, Italia",Riccione,RN,Emilia-Romagna,44.0063475,12.6578165,2,PRED,lat/lng to be filled via overrides/geocoding pipeline.
BR-RN-RIC-041,Spiaggia del sole 86-87,"Lungomare della Libertà, 47838 Riccione RN, Italia",Riccione,RN,Emilia-Romagna,44.0057234,12.6587219,2,PRED,lat/lng to be filled via overrides/geocoding pipeline.
BR-RN-RIC-042,Bagno Giulia 85,"Lungomare della Libertà, 47838 Riccione RN, Italia",Riccione,RN,Emilia-Romagna,44.0053102,12.6590443,2,PRED,lat/lng to be filled via overrides/geocoding pipeline.
BR-RN-RIC-043,Bagno Fabio N. 84,"Lungomare della Libertà 84, 47838 Riccione RN, Italia",Riccione,RN,Emilia-Romagna,44.0052005,12.6594534,2,PRED,lat/lng to be filled via overrides/geocoding pipeline.
BR-RN-RIC-044,Bagno Aldo Zona 83,"Lungomare della Libertà, 47838 Riccione RN, Italia",Riccione,RN,Emilia-Romagna,44.0047454,12.6599006,2,PRED,lat/lng to be filled via overrides/geocoding pipeline.
BR-RN-RIC-045,Spiaggia 82,"Lungomare della Libertà 82, 47838 Riccione RN, Italia",Riccione,RN,Emilia-Romagna,44.0043662,12.6598845,2,PRED,lat/lng to be filled via overrides/geocoding pipeline.
BR-RN-RIC-046,Bagno b.80/b.81 Riccione,"Lungomare della Libertà, 47838 Riccione RN, Italia",Riccione,RN,Emilia-Romagna,44.004323,12.6605287,2,PRED,lat/lng to be filled via overrides/geocoding pipeline.
BR-RN-RIC-047,Green Beach 79 Riccione,"Lungomare della Libertà 79, 47838 Riccione RN, Italia",Riccione,RN,Emilia-Romagna,44.0038844,12.6609606,2,PRED,lat/lng to be filled via overrides/geocoding pipeline.
BR-RN-RIC-048,Bagni Mauro 78 Riccione Spiaggia,"Lungomare della Libertà, 47838 Riccione RN, Italia",Riccione,RN,Emilia-Romagna,44.0037572,12.6612462,2,PRED,lat/lng to be filled via overrides/geocoding pipeline.
BR-RN-RIC-049,Spiaggia libera Columbus,"Lungomare della Repubblica 7, 47838 Riccione RN, Italia",Riccione,RN,Emilia-Romagna,44.0036926,12.6621951,2,PRED,lat/lng to be filled via overrides/geocoding pipeline.
BR-RN-RIC-050,Spiaggia 76,"Lungomare della Repubblica 76, 47838 Riccione RN, Italia",Riccione,RN,Emilia-Romagna,44.0029088,12.6629281,2,PRED,lat/lng to be filled via overrides/geocoding pipeline.
BR-RN-RIC-051,Golden Beach 75,"Lungomare della Repubblica 75, 47838 Riccione RN, Italia",Riccione,RN,Emilia-Romagna,44.0026061,12.6629098,2,PRED,lat/lng to be filled via overrides/geocoding pipeline.
BR-RN-RIC-052,Bagno 74 Zanarini,"Lungomare della Repubblica, 47838 Riccione RN, Italia",Riccione,RN,Emilia-Romagna,44.0024441,12.6633397,2,PRED,lat/lng to be filled via overrides/geocoding pipeline.
BR-RN-RIC-053,Beach 74 Piccioni Carlo Alberto,"Lungomare della Repubblica, 47838 Riccione RN, Italia",Riccione,RN,Emilia-Romagna,44.0023445,12.6632789,2,PRED,lat/lng to be filled via overrides/geocoding pipeline.
BR-RN-RIC-054,Spiaggia 73 Riccione,"Lungomare della Repubblica, 47838 Riccione RN, Italia",Riccione,RN,Emilia-Romagna,44.0022666,12.6636335,2,PRED,lat/lng to be filled via overrides/geocoding pipeline.
BR-RN-RIC-055,Bagni Ivano 72,"Lungomare della Repubblica 72, 47838 Riccione RN, Italia",Riccione,RN,Emilia-Romagna,44.0018817,12.6639438,2,PRED,lat/lng to be filled via overrides/geocoding pipeline.
BR-RN-RIC-056,Bagno 71,"Lungomare della Repubblica, 47838 Riccione RN, Italia",Riccione,RN,Emilia-Romagna,44.0018002,12.6641714,2,PRED,lat/lng to be filled via overrides/geocoding pipeline.
BR-RN-RIC-057,Bagno 70,"Lungomare della Repubblica 70, 47838 Riccione RN, Italia",Riccione,RN,Emilia-Romagna,44.0014964,12.6644756,2,PRED,lat/lng to be filled via overrides/geocoding pipeline.
BR-RN-RIC-058,Bagno 69,"Lungomare della Repubblica 72, 47838 Riccione RN, Italia",Riccione,RN,Emilia-Romagna,44.0013498,12.6647168,2,PRED,lat/lng to be filled via overrides/geocoding pipeline.
BR-RN-RIC-059,Bagni Ettore 68,"Lungomare della Repubblica 68, 47838 Riccione RN, Italia",Riccione,RN,Emilia-Romagna,44.0011103,12.6649198,2,PRED,lat/lng to be filled via overrides/geocoding pipeline.
BR-RN-RIC-060,Bagno 67 Vittorio Riccione,"Lungomare della Repubblica 66, 47838 Riccione RN, Italia",Riccione,RN,Emilia-Romagna,44.00101,12.6654433,2,PRED,lat/lng to be filled via overrides/geocoding pipeline.
BR-RN-RIC-061,Bagno Cesare 66,"Lungomare della Repubblica 66, 47838 Riccione RN, Italia",Riccione,RN,Emilia-Romagna,44.0006068,12.6657221,2,PRED,lat/lng to be filled via overrides/geocoding pipeline.
BR-RN-RIC-062,Bagni Mario 65,"Lungomare della Repubblica 65, 47838 Riccione RN, Italia",Riccione,RN,Emilia-Romagna,44.0005079,12.6660754,2,PRED,lat/lng to be filled via overrides/geocoding pipeline.
BR-RN-RIC-063,Bagni Gianni 64 Riccione,"Lungomare della Repubblica 64, 47838 Riccione RN, Italia",Riccione,RN,Emilia-Romagna,44.0001721,12.6666239,2,PRED,lat/lng to be filled via overrides/geocoding pipeline.
BR-RN-RIC-064,Bagni Speranzino 63,"Lungomare della Repubblica 63, 47838 Riccione RN, Italia",Riccione,RN,Emilia-Romagna,44.0000118,12.6670066,2,PRED,lat/lng to be filled via overrides/geocoding pipeline.
BR-RN-RIC-065,Spiaggia 62 Sandrino,"Lungomare della Repubblica, 47838 Riccione RN, Italia",Riccione,RN,Emilia-Romagna,43.999544,12.6673652,2,PRED,lat/lng to be filled via overrides/geocoding pipeline.
BR-RN-RIC-066,Spiaggia 61 Della Rosa,"Lungomare della Repubblica 61, 47838 Riccione RN, Italia",Riccione,RN,Emilia-Romagna,43.9993676,12.6676782,2,PRED,lat/lng to be filled via overrides/geocoding pipeline.
BR-RN-RIC-067,Spiaggia 60 Bagni Giorgio,"Lungomare della Repubblica 60, 47838 Riccione RN, Italia",Riccione,RN,Emilia-Romagna,43.999001,12.6680785,2,PRED,lat/lng to be filled via overrides/geocoding pipeline.
BR-RN-RIC-068,Spiaggia 59 - Bagni Cicca,"Lungomare della Repubblica, 47838 Riccione RN, Italia",Riccione,RN,Emilia-Romagna,43.9989392,12.6683645,2,PRED,lat/lng to be filled via overrides/geocoding pipeline.
BR-RN-RIC-069,Spiaggia 58 - Bagni Leo,"Lungomare della Repubblica 58, 47838 Riccione RN, Italia",Riccione,RN,Emilia-Romagna,43.9987169,12.6686612,2,PRED,lat/lng to be filled via overrides/geocoding pipeline.
BR-RN-RIC-070,Bagni Massimo Bagno 57 Tonini Massimo,"Lungomare della Repubblica 57, 47838 Riccione RN, Italia",Riccione,RN,Emilia-Romagna,43.9985854,12.6691079,2,PRED,lat/lng to be filled via overrides/geocoding pipeline.
BR-RN-RIC-071,Spiaggia 56 Riccione,"Lungomare della Repubblica 56, 47838 Riccione RN, Italia",Riccione,RN,Emilia-Romagna,43.9984214,12.6692458,2,PRED,lat/lng to be filled via overrides/geocoding pipeline.
BR-RN-RIC-072,Bagno 55 Mulazzani - Riccione,"Lungomare della Repubblica, 47838 Riccione RN, Italia",Riccione,RN,Emilia-Romagna,43.9983049,12.6695985,2,PRED,lat/lng to be filled via overrides/geocoding pipeline.
BR-RN-RIC-073,Spiaggia 54 Riccione - Bagni Nino e Nando,"Lungomare della Repubblica, 47838 Riccione RN, Italia",Riccione,RN,Emilia-Romagna,43.9979452,12.6697904,2,PRED,lat/lng to be filled via overrides/geocoding pipeline.
BR-RN-RIC-074,Spiaggia 53 Bagni Luciano E Renzo,"Lungomare della Repubblica 53, 47838 Riccione RN, Italia",Riccione,RN,Emilia-Romagna,43.9976875,12.6702197,2,PRED,lat/lng to be filled via overrides/geocoding pipeline.
BR-RN-RIC-075,Area 52 Papaya Beach Village Riccione,"Lungomare della Repubblica, 47838 Riccione RN, Italia",Riccione,RN,Emilia-Romagna,43.9975339,12.670665,2,PRED,lat/lng to be filled via overrides/geocoding pipeline.
BR-RN-RIC-076,Spiaggia Libera Piazzale San Martino,"Piazzale S. Martino 1, 47838 Riccione RN, Italia",Riccione,RN,Emilia-Romagna,43.9972528,12.6712864,2,PRED,lat/lng to be filled via overrides/geocoding pipeline.
BR-RN-RIC-077,Spiaggia 51,"47838 Riccione RN, Italia",Riccione,RN,Emilia-Romagna,43.9967711,12.6716292,2,PRED,lat/lng to be filled via overrides/geocoding pipeline.
BR-RN-RIC-078,Spiaggia 50 Cesare,"Lungomare della Repubblica 50, 47838 Riccione RN, Italia",Riccione,RN,Emilia-Romagna,43.9965751,12.6720486,2,PRED,lat/lng to be filled via overrides/geocoding pipeline.
BR-RN-RIC-079,Bagni 48 Bice Riccione,"47838 Riccione RN, Italia",Riccione,RN,Emilia-Romagna,43.9962196,12.6728172,2,PRED,lat/lng to be filled via overrides/geocoding pipeline.
BR-RN-RIC-080,Spiaggia 46/47,"Piazzale Marinai d'Italia, 47838 Riccione RN",Riccione,RN,Emilia-Romagna,43.9957733,12.6730508,2,PRED,lat/lng to be filled via overrides/geocoding pipeline.
BR-RN-RIC-081,Flamingo Beach,"Via Torino 7, 47838 Riccione RN, Italia",Riccione,RN,Emilia-Romagna,43.9954468,12.6739463,2,PRED,lat/lng to be filled via overrides/geocoding pipeline.
BR-RN-RIC-082,Lab Beach 44,"Via Torino, 47838 Riccione RN, Italia",Riccione,RN,Emilia-Romagna,43.9951636,12.6741822,2,PRED,lat/lng to be filled via overrides/geocoding pipeline.
BR-RN-RIC-083,Spiaggia libera,"Via Michelangelo 13, 47838 Riccione RN, Italia",Riccione,RN,Emilia-Romagna,43.9948343,12.6744015,2,PRED,lat/lng to be filled via overrides/geocoding pipeline.
BR-RN-RIC-084,Spiaggia 42,"Via Michelangelo 13, 47838 Riccione RN, Italia",Riccione,RN,Emilia-Romagna,43.9947183,12.6747562,2,PRED,lat/lng to be filled via overrides/geocoding pipeline.
BR-RN-RIC-085,Bagno N. 41 Di Severino E Silvia,"Via Torino 16, 47838 Riccione RN, Italia",Riccione,RN,Emilia-Romagna,43.9945333,12.6750839,2,PRED,lat/lng to be filled via overrides/geocoding pipeline.
BR-RN-RIC-086,Spiaggia libera,"Via Torino 22A, 47838 Riccione RN, Italia",Riccione,RN,Emilia-Romagna,43.9942899,12.6755522,2,PRED,lat/lng to be filled via overrides/geocoding pipeline.
BR-RN-RIC-087,Spiaggia 39 Maci beach riccione,"Via Torino 22A, 47838 Riccione RN, Italia",Riccione,RN,Emilia-Romagna,43.9940586,12.6757795,2,PRED,lat/lng to be filled via overrides/geocoding pipeline.
BR-RN-RIC-088,Bagno 38 - Anna & Marcello,"Via Torino, 47838 Riccione RN, Italia",Riccione,RN,Emilia-Romagna,43.9939155,12.6761589,2,PRED,lat/lng to be filled via overrides/geocoding pipeline.
BR-RN-RIC-089,Spiaggia 38 Riccione Playa Denis,"Via Torino, 47838 Riccione RN, Italia",Riccione,RN,Emilia-Romagna,43.993967,12.6764432,2,PRED,lat/lng to be filled via overrides/geocoding pipeline.
BR-RN-RIC-090,Bagno N 36,"Via Torino 16, 47838 Riccione RN, Italia",Riccione,RN,Emilia-Romagna,43.9936489,12.6765081,2,PRED,lat/lng to be filled via overrides/geocoding pipeline.
BR-RN-RIC-091,Nona Beach 35,"Via Torino, 47838 Riccione RN, Italia",Riccione,RN,Emilia-Romagna,43.9933305,12.6773149,2,PRED,lat/lng to be filled via overrides/geocoding pipeline.
BR-RN-RIC-092,Bagni Mario 34 Riccione,"Via Torino 34, 47838 Riccione RN, Italia",Riccione,RN,Emilia-Romagna,43.9928855,12.6776809,2,PRED,lat/lng to be filled via overrides/geocoding pipeline.
BR-RN-RIC-093,Spiaggia 32 Riccione,"Via Torino 32, 47838 Riccione RN, Italia",Riccione,RN,Emilia-Romagna,43.9926458,12.6782192,2,PRED,lat/lng to be filled via overrides/geocoding pipeline.
BR-RN-RIC-094,Kiki Beach,"Viale Benvenuto Cellini 29, 47838 Riccione RN, Italia",Riccione,RN,Emilia-Romagna,43.9923964,12.6787968,2,PRED,lat/lng to be filled via overrides/geocoding pipeline.
BR-RN-RIC-095,Spiaggia 28 Riccione,"Via Torino 28, 47838 Riccione RN, Italia",Riccione,RN,Emilia-Romagna,43.9916795,12.6791634,2,PRED,lat/lng to be filled via overrides/geocoding pipeline.
BR-RN-RIC-096,Spiaggia 27 Riccione,"Via Torino 51, 47838 Riccione RN, Italia",Riccione,RN,Emilia-Romagna,43.9914357,12.6795718,2,PRED,lat/lng to be filled via overrides/geocoding pipeline.
BR-RN-RIC-097,Bagni 26 Giancarlo,"Via Torino 43, 47838 Riccione RN, Italia",Riccione,RN,Emilia-Romagna,43.9914046,12.6798089,2,PRED,lat/lng to be filled via overrides/geocoding pipeline.
BR-RN-RIC-098,Bagno 25 - La Spiaggia 25- Coop.Adriatica,"Via Torino, 47838 Riccione RN, Italia",Riccione,RN,Emilia-Romagna,43.9911132,12.6802362,2,PRED,lat/lng to be filled via overrides/geocoding pipeline.
BR-RN-RIC-099,Spiaggia 23 Riccione - Bagni Tonino,"Via Torino 48, 47838 Bagni 23 RN, Italia",Bagni 23,RN,Emilia-Romagna,43.9908599,12.6811523,2,PRED,lat/lng to be filled via overrides/geocoding pipeline.
BR-RN-RIC-100,Bahia Antigua Spiaggia 20,"Via Torino, 47838 Riccione RN, Italia",Riccione,RN,Emilia-Romagna,43.9903125,12.6819447,2,PRED,lat/lng to be filled via overrides/geocoding pipeline.
BR-RN-RIC-101,Fontanelle Beach Bagno 19,"Via Torino 5, 47838 Riccione RN, Italia",Riccione,RN,Emilia-Romagna,43.9900506,12.6822008,2,PRED,lat/lng to be filled via overrides/geocoding pipeline.
BR-RN-RIC-102,Pedra del Sol Bagno 18,"Via Torino 55, 47838 Riccione RN, Italia",Riccione,RN,Emilia-Romagna,43.9897244,12.6825938,2,PRED,lat/lng to be filled via overrides/geocoding pipeline.
BR-RN-RIC-103,Mario's bagno 17,"Via Torino 61, 47838 Riccione RN, Italia",Riccione,RN,Emilia-Romagna,43.989574,12.6833212,2,PRED,lat/lng to be filled via overrides/geocoding pipeline.
BR-RN-RIC-104,Bagno Guerrino n.16,"Via Torino, 47838 Riccione RN, Italia",Riccione,RN,Emilia-Romagna,43.9893646,12.6839075,2,PRED,lat/lng to be filled via overrides/geocoding pipeline.
BR-RN-RIC-105,Bagni 12 Luca Riccione,"Via Torino, 47838 Riccione RN, Italia",Riccione,RN,Emilia-Romagna,43.9878773,12.6851504,2,PRED,lat/lng to be filled via overrides/geocoding pipeline.
BR-RN-RIC-106,Spiaggia Libera,"Via Torino 81, 47838 Riccione RN, Italia",Riccione,RN,Emilia-Romagna,43.9869621,12.6866291,2,PRED,lat/lng to be filled via overrides/geocoding pipeline.
BR-RN-RIC-107,Zona Spiaggia 2 Riccione Cesare & Beach Bar DUE,"Via Torino 91, 47838 Riccione RN, Italia",Riccione,RN,Emilia-Romagna,43.9861588,12.6881847,2,PRED,lat/lng to be filled via overrides/geocoding pipeline.
BR-RN-RIC-108,Spiaggia Zona 3 Riccione,"Via Torino, 47838 Riccione RN, Italia",Riccione,RN,Emilia-Romagna,43.9863501,12.6877799,2,PRED,lat/lng to be filled via overrides/geocoding pipeline.
BR-RN-RIC-109,Zona 4 Riccione,"Via Torino, 47838 Riccione RN, Italia",Riccione,RN,Emilia-Romagna,43.9865735,12.6874308,2,PRED,lat/lng to be filled via overrides/geocoding pipeline.
BR-RN-RIC-110,Bagni Mario Z.5,"Via Torino 81, 47838 Riccione RN, Italia",Riccione,RN,Emilia-Romagna,43.9867222,12.686985,2,PRED,lat/lng to be filled via overrides/geocoding pipeline.
